id,domain,status,purchase_price,renewal_price,attractiveness,demand,length,registrar,created_at,expires_at,status_verified_at
bd06196c-061e-4f11-94ef-28923e3cf639,car.motorcycles,premium,2070.2,2070.2,high,medium,3,spaceship,,,28/09/2026 23:22
c1719c53-a8a0-4d9c-9ede-0e612a2336d5,car.cars,available,1863.2,2064.2,high,medium,3,spaceship,,,28/09/2026 23:22
f97dd25f-0198-4267-a8ea-d46f89cf699c,car.supplies,premium,854,854,high,medium,3,namesilo,,,28/09/2026 23:22
c35d3b57-90d9-491b-8a89-00c0bd863932,car.rent,premium,69000,69000,high,medium,3,namesilo,,,28/09/2026 23:22
ae5e51ba-94aa-4049-b7d3-2f2783ae2349,car.construction,premium,118.8,118.8,high,medium,3,namesilo,,,28/09/2026 23:22
92f46be7-38c4-4873-bb87-573b84be5e97,car.engineering,resell,,,high,medium,3,"GoDaddy.com, LLC",16/07/2014 17:24,16/07/2027 17:24,28/09/2026 23:22
2abff6fe-9457-467e-b59c-3d38acd908b8,car.diy,premium,640,640,high,medium,3,namesilo,,,28/09/2026 23:22
af09266d-db42-4c2d-8965-e0daf1466176,car.properties,premium,207.2,207.2,high,medium,3,spaceship,,,28/09/2026 23:22
08feede9-7353-4da5-8713-332d3610d31b,car.supply,premium,512,512,high,medium,3,namesilo,,,28/09/2026 23:22
aa5d182f-75e6-4184-b409-9ddbebf265d3,car.boutique,resell,,,high,medium,3,,,,28/09/2026 23:22
68753fe0-f401-423b-a06a-81321ecdb7c3,car.pizza,premium,118.8,118.8,high,medium,3,namesilo,,,28/09/2026 23:22
ba507421-f9ee-46c9-be5c-5c7481270214,car.bet,resell,,,high,medium,3,Dynadot Inc,03/03/2016 16:00,03/03/2027 16:00,28/09/2026 23:22
1c516e0d-e0c0-4f5e-8ebb-f7442e0828fe,car.tips,resell,,,high,medium,3,"Blue Razor Domains, LLC",12/07/2015 16:00,12/07/2027 16:00,28/09/2026 23:22
730ea5e5-fdcb-40a9-a714-d3232a708d1d,car.qpon,premium,3450,23.54,high,medium,3,namesilo,,,28/09/2026 23:22
66ea90be-1a22-47b5-bdcf-be964abf8dc2,car.sarl,premium,68.51,68.51,high,medium,3,spaceship,,,28/09/2026 23:22
f6626e7b-e3a1-4d3c-9b5f-5f1ec161b9b7,car.website,premium,5175.2,10350.2,high,medium,3,spaceship,,,28/09/2026 23:22
81f7d3f2-9069-4a04-81d6-1475d1660560,car.team,resell,,,high,medium,3,,,,28/09/2026 23:22
a1b612a5-8687-406b-a546-bdf999d491b3,car.fans,premium,258.95,517.7,high,medium,3,spaceship,,,28/09/2026 23:22
7590c310-5d8e-4456-9263-2a0d42ad28d6,car.mortgage,premium,220,220,high,medium,3,dynadot,,,28/09/2026 23:22
2aa73a5e-f155-4413-8075-cde90eaed924,car.study,premium,517.7,517.7,high,medium,3,spaceship,,,28/09/2026 23:22
ff0c92ba-89b1-4626-8152-a40da4ece00b,car.shoes,available,31.25,51.95,high,medium,3,spaceship,,,28/09/2026 23:22
69d6affc-2996-4df1-a6e4-931554f7d6e8,car.foo,premium,499.2,648.7,high,medium,3,unstoppable,,,28/09/2026 23:22
a81b2288-776c-492d-917f-027979ca7db9,car.living,premium,455,650,high,medium,3,namecheap,,,28/09/2026 23:22
51b79adf-1ed6-4c20-9297-32d005402957,car.training,resell,,,high,medium,3,"Spaceship, Inc.",22/07/2023 15:15,22/07/2027 15:15,28/09/2026 23:22
d7f1bd6e-abe9-44a0-b6f1-e9ddc8de1ed3,car.promo,premium,3250,3250,high,medium,3,namecheap,,,28/09/2026 23:22
7e7ebbff-688a-42c6-9186-efbe49a080a1,car.cab,resell,,,high,medium,3,,,,28/09/2026 23:22
f1d2d7ee-5a7f-42d0-9f45-5d4f5492d5bf,car.diamonds,resell,72.98,,high,medium,3,OVH SAS,31/01/2026 14:16,31/01/2027 14:16,28/09/2026 23:22
eb59fde3-aad4-4095-be5c-437b9713f00b,car.news,resell,,,high,medium,3,"GoDaddy.com, LLC",13/05/2025 17:18,13/05/2027 17:18,28/09/2026 23:22
4402f8d6-1b2e-4278-92a8-864e588e41fa,car.uno,premium,5175.2,5175.2,high,medium,3,spaceship,,,28/09/2026 23:22
dcd5a9fe-87de-435a-b8bf-c37510f81194,car.directory,premium,880,880,high,medium,3,dynadot,,,28/09/2026 23:22
1bb54a1d-caf1-4aeb-922e-52a5915329e6,car.support,resell,,,high,medium,3,Dynadot Inc,04/04/2020 08:51,04/04/2027 08:51,28/09/2026 23:22
b0e67b69-b76e-43fd-80db-b38b81d99955,car.cleaning,resell,,,high,medium,3,,,,28/09/2026 23:22
2418b313-cfc4-46b4-95ea-746bff08cdd0,car.plumbing,available,58.16,58.16,high,medium,3,spaceship,,,28/09/2026 23:22
1b1e5102-4a08-4ffd-a44c-782fea92cec1,car.coffee,resell,,,high,medium,3,Automattic Inc.,16/08/2015 17:20,16/08/2031 17:20,28/09/2026 23:22
cb076309-f762-4b6f-8303-37198a27b8b4,car.blue,premium,3105.2,3105.2,high,medium,3,spaceship,,,28/09/2026 23:22
e02a7824-851a-4535-b08f-63a4f96fd819,car.how,premium,599.85,599.85,high,medium,3,porkbun,,,28/09/2026 23:22
d09b1fa1-02f0-448e-b0ce-32983f0e641e,car.earth,resell,,,high,medium,3,Porkbun,10/12/2019 15:17,10/12/2026 15:17,28/09/2026 23:22
cc4497d4-c9ff-4a46-bac1-b199c5aa5f7a,car.spot,premium,2500.5,3250,high,medium,3,unstoppable,,,28/09/2026 23:22
f13430bf-43e8-49bc-b27f-ec6c767abbc1,car.forum,premium,517.7,517.7,high,medium,3,spaceship,,,28/09/2026 23:22
3546b1fe-9fca-4b2a-b2cb-85ab526daee6,car.online,premium,34500,34500,high,medium,3,namesilo,,,28/09/2026 23:22
d9528318-4a5d-43a5-baab-e4d687f427d4,car.industries,premium,512,512,high,medium,3,namesilo,,,28/09/2026 23:22
be14b5ba-5150-4c86-a7c1-7a8364afe42f,car.ink,premium,116,116,high,medium,3,namesilo,,,28/09/2026 23:22
86510a6f-cb57-4841-9894-9c5578b56be8,car.tours,resell,,,high,medium,3,,,,28/09/2026 23:22
43311de4-10c7-4b88-bcfb-c8dc8e599632,car.autos,premium,2200,2200,high,medium,3,dynadot,,,28/09/2026 23:22
27c69545-a715-4270-8506-696b27772d8a,car.wiki,premium,1371.58,1371.58,high,medium,3,spaceship,,,28/09/2026 23:22
42295267-163a-4f6b-8cdc-9c4ef37bbe7f,car.science,premium,517.7,67.48,high,medium,3,spaceship,,,28/09/2026 23:22
81963fa2-59d5-4270-ab0a-8672a5c5e6a8,car.click,resell,,,high,medium,3,,,,28/09/2026 23:22
32fe8c8b-6eb8-4d3d-b042-52f1e821acc9,car.creditcard,premium,207.2,207.2,high,medium,3,spaceship,,,28/09/2026 23:22
d8d19b09-f707-40b6-bba2-e945b51b2ec8,car.rocks,resell,,,high,medium,3,,,,28/09/2026 23:22
36eb8828-1cd9-469b-8bce-7670659a84e6,car.store,premium,6468.95,25875.2,high,medium,3,spaceship,,,28/09/2026 23:22
8432d1d4-e587-4f41-8604-e3611dfd8db9,car.immobilien,available,29.2,29.2,high,medium,3,cloudflare,,,28/09/2026 23:22
61210cae-72a2-4e75-9f7a-65e2f7594499,car.link,resell,,,high,medium,3,Alibaba Cloud Computing Ltd.,26/07/2017 23:58,26/07/2027 23:58,28/09/2026 23:22
c29aaf8b-315c-4cf6-ba2f-b74359b7b04c,car.software,premium,1365.98,2729.67,high,medium,3,porkbun,,,28/09/2026 23:22
8b9ac893-341d-4afe-bb06-db2de15b6442,car.mobi,premium,3250,3250,high,medium,3,namecheap,,,28/09/2026 23:22
e17eddae-2ea1-420b-b150-45b106c18aac,car.courses,premium,517.7,517.7,high,medium,3,spaceship,,,28/09/2026 23:22
9e383cb1-ad63-4c92-9002-884f13fc2b36,car.observer,premium,854,854,high,medium,3,namesilo,,,28/09/2026 23:22
eaf19ca0-6010-494a-92ae-6c579ce2df0f,car.la,resell,,,high,medium,3,TLD Registrar Solutions Ltd,20/11/2000 01:00,20/11/2026 23:59,28/09/2026 23:22
be8a4b09-35e5-4ea5-80fa-cfb82fcfe4de,car.soy,premium,545.26,545.26,high,medium,3,porkbun,,,28/09/2026 23:22
68593213-ccbd-4eca-b60f-acdf4c57002c,car.place,premium,854,854,high,medium,3,namesilo,,,28/09/2026 23:22
368bb058-704f-41c8-8e0e-d5e9aec460cd,car.cv,premium,2770.35,80.33,high,medium,3,namesilo,,,28/09/2026 23:22
0d60f33c-ca98-462a-a156-1ab73a910971,car.holiday,resell,,,high,medium,3,"Global Domains International, Inc. DBA DomainCostClub.com",05/02/2026 15:15,05/02/2027 15:15,28/09/2026 23:22
55023075-b658-44b4-9c2e-90f6b39e966f,car.lifestyle,premium,362.45,517.7,high,medium,3,spaceship,,,28/09/2026 23:22
7356135b-1c96-4b9b-b17e-f24a9b539dbc,car.rich,available,94.99,1999,high,medium,3,namesilo,,,28/09/2026 23:22
6c408b87-3c4e-44ec-9fee-a9824f5638a3,car.space,premium,6900,6900,high,medium,3,namesilo,,,28/09/2026 23:22
c2af337c-aa35-4c95-b79c-845a49f3a954,car.irish,premium,200.5,260,high,medium,3,unstoppable,,,28/09/2026 23:22
d5040f08-4f25-4efe-a976-f24805b38958,car.schule,premium,38.94,38.94,high,medium,3,namesilo,,,28/09/2026 23:22
f06e31c7-032d-420e-9d8c-40a5dcbaf7eb,car.kiwi,premium,155.38,155.38,high,medium,3,dynadot,,,28/09/2026 23:22
a9be189f-2817-4ae1-a579-f2330151c282,car.boats,premium,2183.84,2183.84,high,medium,3,porkbun,,,28/09/2026 23:22
59496cd4-3ba7-4ca0-8208-8e274dd17827,car.coupons,premium,260,260,high,medium,3,namecheap,,,28/09/2026 23:22
c3998ce0-1367-42f0-aa90-c1c65f3c3b29,car.rodeo,premium,104,10.4,high,medium,3,namecheap,,,28/09/2026 23:22
a7991c3f-477b-4964-ae31-6ca51a611e0a,car.discount,premium,854,854,high,medium,3,namesilo,,,28/09/2026 23:22
1b5c698d-bbdc-4f21-b5b6-96a71ea0bbba,car.locker,premium,10350.2,31.25,high,medium,3,spaceship,,,28/09/2026 23:22
bf8792b1-adf2-4864-a0a0-aba416e37e84,car.london,premium,1407.5,31.22,high,medium,3,namesilo,,,28/09/2026 23:22
b4a0ccaa-49a1-4085-a18a-abd164e5ae76,car.direct,premium,854,854,high,medium,3,namesilo,,,28/09/2026 23:22
cac88a13-0324-4667-9111-a5efc643aeac,car.forex,resell,,,high,medium,3,OVH SAS,31/01/2026 14:16,31/01/2027 14:16,28/09/2026 23:22
8cf8ea2a-c35b-42e9-b9c4-2d430b277c28,car.kaufen,resell,,,high,medium,3,Mesh Digital Limited,02/12/2014 21:39,02/12/2026 21:39,28/09/2026 23:22
e809d0e3-1744-421e-9b7a-e68029f4de4c,car.villas,premium,207.2,207.2,high,medium,3,spaceship,,,28/09/2026 23:22
896a0da3-e751-43e5-acb8-cf791bef7508,car.limo,premium,78.54,78.54,high,medium,3,namesilo,,,28/09/2026 23:22
7b32de94-fbb1-49ce-b64b-60798e3f25d5,vehicle.car,available,2070,2400,high,low,7,namecheap,,,06/10/2026 13:39
09abea8e-435d-446f-aab9-e0ac36d98fb6,car.soccer,premium,78.54,78.54,high,medium,3,namesilo,,,28/09/2026 23:22
d898df56-ba4f-48c1-9933-26714d111598,car.tel,resell,,,high,low,3,RegistryGate GmbH,23/03/2009 00:01,22/03/2027 23:59,30/09/2026 16:37
c302eca1-38fc-446e-8499-9c4bbe0ee499,car.gallery,resell,,,high,medium,3,"GoDaddy.com, LLC",17/06/2015 16:00,17/06/2027 16:00,28/09/2026 23:22
71446f49-308d-4920-962e-95d72b5059b0,vehicle.supply,available,23.76,23.76,high,low,7,dynadot,,,06/10/2026 13:39
22be34b0-5c01-4875-80c4-3b1f12b0638c,car.barcelona,available,38.98,38.98,high,medium,3,namecheap,,,28/09/2026 23:22
b37f48bb-9ded-44da-8c87-b9a6556dc404,car.tennis,available,51.95,51.95,high,medium,3,spaceship,,,28/09/2026 23:22
b07c064e-6fa2-4390-b082-9fc30f6d0d88,car.photos,resell,,,high,medium,3,"NameCheap, Inc.",05/09/2018 18:14,05/09/2027 18:14,28/09/2026 23:22
34624748-5ebe-4a37-85b3-65a90f779535,car.family,premium,512,512,high,medium,3,namesilo,,,28/09/2026 23:22
be73ea6b-cd87-43de-be83-c5c1ee684091,car.mov,premium,516.67,516.67,high,medium,3,spaceship,,,28/09/2026 23:22
0aadc02f-bc51-48ab-9f04-253225b8d5ca,car.gold,resell,,,high,medium,3,"DNSPod, Inc.",12/12/2018 00:10,12/12/2026 00:10,28/09/2026 23:22
effebdb7-7ba6-48b3-a5a3-8ed3f72a7152,car.channel,premium,545.26,545.26,high,medium,3,porkbun,,,28/09/2026 23:22
7f337645-3428-4823-a11b-d519ab673b12,car.christmas,premium,2070.2,2070.2,high,medium,3,spaceship,,,28/09/2026 23:22
bd6d23a6-6fbb-45b5-995b-03431c2ffb8b,car.education,premium,34.36,34.36,high,medium,3,spaceship,,,28/09/2026 23:22
d1ce5902-a691-448e-b2b2-bb2452a7d71e,vehicle.limo,available,43.67,43.67,high,low,7,spaceship,,,06/10/2026 13:39
d1a6885b-d348-4972-aaec-175a5bc4938f,car.surgery,premium,128.7,128.7,high,medium,3,namecheap,,,28/09/2026 23:22
47287aef-0eb1-42ca-9c14-9d66e2ab8d92,car.diet,premium,2600,2600,high,medium,3,namecheap,,,28/09/2026 23:22
837c6d10-fdd7-4cd9-8a42-5a11014b31a3,car.pw,premium,3450,3450,high,medium,3,namesilo,,,28/09/2026 23:22
08dd6807-8a7b-4ab3-9d71-26ad9161f42a,car.phd,premium,649.2,843.7,high,medium,3,unstoppable,,,28/09/2026 23:22
e09565c7-2226-44e9-bdd4-214dc6c929c9,car.holdings,premium,78.54,78.54,high,medium,3,namesilo,,,28/09/2026 23:22
0e90a14a-6f6e-4c14-a2da-1629149e796f,vehicle.expert,resell,,,high,low,7,"Sav.com, LLC",12/05/2026 17:02,12/05/2027 17:02,06/10/2026 13:39
5c1c83d6-e02c-4010-9456-0ec3227a5b62,car.boo,premium,516.67,516.67,high,medium,3,spaceship,,,28/09/2026 23:22
dd3c4b04-031f-4800-8352-07812a0a757b,car.work,resell,,,high,medium,3,GoDaddy Online Services Cayman Islands Ltd.,19/07/2017 17:32,19/07/2027 17:32,28/09/2026 23:22
49681e2e-2855-499f-9033-f765afc35ad8,car.hot,premium,3450,3450,high,medium,3,namesilo,,,28/09/2026 23:22
3d8c603d-8a18-43ca-a309-4a17d975b7fd,car.catering,premium,118.8,118.8,high,medium,3,namesilo,,,28/09/2026 23:22
85be7068-481e-414d-bdb7-7ee2055bffc9,car.host,premium,10350,10350,high,medium,3,namesilo,,,28/09/2026 23:22
619e69ef-5a8c-43d3-b654-ee29153eb4a9,vehicle.place,available,17.8,17.8,high,low,7,spaceship,,,06/10/2026 13:39
32446dc0-04de-434c-b9da-8b22cefaa27c,car.cricket,premium,640,77.35,high,medium,3,namesilo,,,28/09/2026 23:22
4bc8b8bb-86a8-438e-857d-54ac8905e492,car.black,premium,4140.2,4140.2,high,medium,3,spaceship,,,28/09/2026 23:22
a5723fb1-b834-433f-aff5-3af7b24ecd39,car.now,resell,,,high,medium,3,,,,28/09/2026 23:22
06f30ac5-428b-45f8-8df9-8031089f3457,car.money,premium,854,854,high,medium,3,namesilo,,,28/09/2026 23:22
bc2272da-79c5-4161-a6f4-0baab912d5d9,car.theatre,available,515.45,515.45,high,medium,3,porkbun,,,28/09/2026 23:22
27d95440-4916-4b4e-ba97-0465ed9c2b4c,car.dentist,premium,512,512,high,medium,3,namesilo,,,28/09/2026 23:22
ed7a8f6a-5520-4479-afe2-27cdcff3a59d,car.prof,premium,843.7,843.7,high,medium,3,namecheap,,,28/09/2026 23:22
357de3bd-a845-4401-a553-fd98cd5aa50d,car.network,resell,,,high,medium,3,"GoDaddy.com, LLC",07/12/2014 16:00,07/12/2027 16:00,28/09/2026 23:22
f1e530a6-4cb4-414b-bf5b-2fc765be9740,car.onl,premium,302.5,640,high,medium,3,namesilo,,,28/09/2026 23:22
27c01fba-bda4-4ca1-b1b0-6d8d720786ca,vehicle.shiksha,available,10.55,41.6,high,low,7,spaceship,,,06/10/2026 13:39
03efeee9-0215-482a-8615-4b454b6e4abd,car.press,premium,1552.7,3105.2,high,medium,3,spaceship,,,28/09/2026 23:22
7a70302d-18d5-42ca-9a7d-4c8edd6f7e7d,car.rest,premium,1630.33,2328.95,high,medium,3,spaceship,,,28/09/2026 23:22
f49a5378-afb6-4546-b42e-9dc043e52f76,vehicle.lifestyle,premium,1100,1100,high,low,7,dynadot,,,06/10/2026 13:39
e1fc62aa-7c02-4a89-94ef-1bc60a665a03,vehicle.cyou,premium,155.45,310.7,high,low,7,spaceship,,,06/10/2026 13:39
7bb41181-cf01-4127-aead-24e6d0e39c47,vehicle.directory,available,4.34,21.94,high,low,7,spaceship,,,06/10/2026 13:39
abecaf18-12a7-4f9d-89b7-a0e4ff1669cb,vehicle.build,premium,258.95,258.95,high,low,7,spaceship,,,06/10/2026 13:39
45d1fa0d-c1e4-4eb6-a4e1-c4cd65813071,vehicle.cat,available,18.83,25.04,high,low,7,spaceship,,,06/10/2026 13:39
2f128226-9ccb-49d3-ae11-717cbeb045a0,vehicle.bot,premium,2500.5,3450,high,low,7,unstoppable,,,06/10/2026 13:39
650979da-c287-403b-9c27-862df8718153,vehicle.pet,available,20.2,20.2,high,low,7,cloudflare,,,06/10/2026 13:39
b5245543-ebef-422c-a501-64369dda7f1e,car.accountant,premium,517.7,67.48,high,medium,3,spaceship,,,28/09/2026 23:22
64b48c97-0c64-49da-b71a-310e124c6be2,car.restaurant,premium,118.8,118.8,high,medium,3,namesilo,,,28/09/2026 23:22
a96db1f2-8741-4ff7-be0e-fee1af5fe291,car.rip,resell,,,high,medium,3,Dynadot Inc,15/02/2026 17:00,15/02/2027 17:00,28/09/2026 23:22
49e7ab17-f3c5-4326-bd44-0d039981c184,car.build,premium,3275.5,3275.5,high,medium,3,porkbun,,,28/09/2026 23:22
07c7e31f-85e9-4ac9-909a-bf9be3303e14,engine.motorcycles,resell,1.99,15.75,high,low,6,"Spaceship, Inc.",16/08/2026 02:40,16/08/2027 23:59,05/10/2026 16:15
808f6874-ce26-43b5-b527-50daf0784101,car.kids,premium,384,21.24,high,medium,3,namesilo,,,28/09/2026 23:22
0299e019-b5fe-420b-9dba-4a8ac80f1ac3,vehicle.kim,available,8.24,19.11,high,low,7,dynadot,,,06/10/2026 13:39
d677b38e-8f44-493e-9779-bf25f83f007f,vehicle.industries,premium,118.8,118.8,high,low,7,namesilo,,,06/10/2026 13:39
47fdcc21-15b1-4eb1-af0e-812aa43f97dd,car.lgbt,available,10.55,64.37,high,medium,3,spaceship,,,28/09/2026 23:22
f49999d2-5cf3-4865-bf08-8f1ef4e88bb4,vehicle.security,available,2000.2,2000.2,high,low,7,cloudflare,,,06/10/2026 13:39
61c1e496-6a35-4784-8341-d9ce01efd57a,car.clothing,premium,68.51,68.51,high,medium,3,spaceship,,,28/09/2026 23:22
01d554a4-4724-4099-9ba0-fde38f81ecb4,vehicle.fail,available,40.98,50.98,high,low,7,namecheap,,,06/10/2026 13:39
cc5f3eca-f940-493f-b6dd-b5d6417950a9,car.free,premium,2750,2750,high,medium,3,dynadot,,,28/09/2026 23:22
836a1f67-1123-4ad7-b75d-85fa57df7fe5,vehicle.catering,available,40.98,48.98,high,low,7,namecheap,,,06/10/2026 13:39
a5aa5cc3-1e02-4d87-a78e-8d71c2cb55b9,vehicle.rip,available,18.83,18.83,high,low,7,spaceship,,,06/10/2026 13:39
d89ca067-82b8-46d4-addb-1610b95ece1d,vehicle.reise,available,77.83,77.83,high,low,7,spaceship,,,06/10/2026 13:39
779ea51b-7d94-43b7-a3d9-10706ae32d32,vehicle.dog,available,5.98,86.98,high,low,7,namecheap,,,06/10/2026 13:39
c41f3398-e240-442f-ab68-41f30ceba871,vehicle.vacations,available,31.25,31.25,high,low,7,spaceship,,,06/10/2026 13:39
98abd9f7-a480-450e-9878-5f2ac9e5cffd,vehicle.city,resell,,,high,low,7,"Spaceship, Inc.",02/02/2023 15:15,02/02/2027 15:15,06/10/2026 13:39
0996152f-c6aa-494e-aa96-d14f5f6a21d3,car.food,premium,640,640,high,medium,3,namesilo,,,28/09/2026 23:22
0933edb7-3164-4fbc-985c-ef15d8944108,vehicle.football,available,20.2,20.2,high,low,7,cloudflare,,,06/10/2026 13:39
ad170435-8d2e-402c-96a3-8b82d60bc59e,vehicle.auto,available,1863.2,2064.2,high,low,7,spaceship,,,06/10/2026 13:39
a8a3e700-b1a8-44b9-8c7a-ad77a77f25af,car.enterprises,resell,,,high,medium,3,Porkbun LLC,21/05/2017 04:06,21/05/2027 04:06,28/09/2026 23:22
4d17ecd6-b687-4a71-af22-e65cc05838e8,vehicle.actor,available,8.48,35.39,high,low,7,spaceship,,,06/10/2026 13:39
d47bc58a-fd90-4385-bff9-6f6a49945bd5,car.cruises,resell,,,high,medium,3,"Name.com, Inc.",12/01/2016 02:45,12/01/2027 02:45,28/09/2026 23:22
0957dc55-1d6d-4533-91c4-4e2c4f041059,vehicle.osaka,available,32.98,41.98,high,low,7,namecheap,,,06/10/2026 13:39
a2b03980-d8d4-4973-86ba-948a72853e01,vehicle.apartments,available,45.74,45.74,high,low,7,spaceship,,,06/10/2026 13:39
bf3aa8bd-338a-4845-a316-c95dc5701069,vehicle.fund,resell,,,high,low,7,"DNSPod, Inc.",16/02/2024 15:16,16/02/2036 15:16,06/10/2026 13:39
4e11d776-b450-4082-8bf9-9f3dd1cb53dc,car.maison,available,57.99,57.99,high,medium,3,namesilo,,,28/09/2026 23:22
8fbd7e1b-e8c5-4552-a50a-fb8fc9941bff,vehicle.my,premium,979.68,1399.55,high,low,7,namecheap,,,06/10/2026 13:39
707cdec8-6660-4f01-8710-60c5006755ac,car.apartments,premium,128.7,128.7,high,medium,3,namecheap,,,28/09/2026 23:22
00c74684-dcb3-40b9-9707-b0a72a6bc306,car.ltda,available,34.99,34.99,high,medium,3,namesilo,,,28/09/2026 23:22
b4254831-3a86-4e73-becf-68974090d832,vehicle.ong,available,15.2,15.2,high,low,7,cloudflare,,,06/10/2026 13:39
46e39e6e-4491-4696-a84a-fc80f62f259a,car.mba,resell,,,high,medium,3,"Chengdu West Dimension Digital Technology Co., Ltd.",19/04/2018 00:12,19/04/2027 00:12,28/09/2026 23:22
05312936-d902-415a-b036-44344fb6db28,car.poker,resell,,,high,medium,3,"Xiamen ChinaSource Internet Service Co., Ltd",08/12/2025 15:15,08/12/2026 15:15,28/09/2026 23:22
10a9255a-9168-446b-9760-ce5515d76f83,vehicle.town,available,5.57,33.39,high,low,7,dynadot,,,06/10/2026 13:39
b253e1cd-67bb-42ce-976b-0d9487ae1b47,car.desi,available,19.98,22.98,high,medium,3,namecheap,,,28/09/2026 23:22
11b44085-98a1-44e5-acda-dbf231494bca,vehicle.beer,available,25.2,25.2,high,low,7,cloudflare,,,06/10/2026 13:39
cdc07863-bada-471b-98e6-f0ac257e90b2,vehicle.coffee,available,6.41,34.36,high,low,7,spaceship,,,06/10/2026 13:39
8d5b268a-e78e-442a-9c7c-117f346ee5d2,vehicle.surgery,available,42.2,42.2,high,low,7,cloudflare,,,06/10/2026 13:39
3ed6cec2-ef03-4d67-b19e-073c477415b6,car.airforce,available,80.2,80.2,high,medium,3,cloudflare,,,28/09/2026 23:22
69864459-e942-42d6-9740-00c5abd941c2,vehicle.desi,available,19.98,22.98,high,low,7,namecheap,,,02/10/2026 10:48
81d23f89-4791-4f3c-aef0-905784dcd3b4,car.security,available,1999.99,2049.99,high,medium,3,namesilo,,,28/09/2026 23:22
46c9a06a-f658-496b-b5e0-51ba77414e74,car.homes,premium,2660,2660,high,medium,3,namesilo,,,28/09/2026 23:22
ca22a8c8-dbe8-4cce-a391-c314a9046aef,car.bot,premium,6500,6500,high,medium,3,namecheap,,,28/09/2026 23:22
f3b8cb7f-2410-4f8e-a718-cf5bd897d062,vehicle.degree,available,41.6,41.6,high,low,7,spaceship,,,06/10/2026 13:39
1cbc1b07-1f99-48b9-afca-841d7f7bd13c,vehicle.direct,resell,,,high,low,7,"GoDaddy.com, LLC",29/11/2024 00:00,29/11/2026 00:00,06/10/2026 13:39
35c309f3-1b2c-44fe-87c3-119459ebb63a,vehicle.repair,resell,,,high,low,7,"GoDaddy.com, LLC",31/03/2014 21:27,31/03/2027 21:27,06/10/2026 13:39
20b017f3-0683-4cf8-b85b-b8b46b099ec9,car.computer,resell,,,high,medium,3,Dynadot Inc,02/04/2021 04:09,02/04/2027 04:09,28/09/2026 23:22
3384efa8-3887-40cd-929c-c27362f860b0,car.works,premium,414.2,414.2,high,medium,3,spaceship,,,28/09/2026 23:22
52af9141-9ebb-49e2-a1c4-daa36639fd21,vehicle.lawyer,premium,2587.7,2587.7,high,low,7,spaceship,,,06/10/2026 13:39
178f4c9c-3827-43dd-b11d-a5f456e2e0c0,vehicle.singles,available,9,36.98,high,low,7,unstoppable,,,06/10/2026 13:39
f27da65f-769b-4f4a-bba0-74b81bde9edc,vehicle.healthcare,available,70.58,70.58,high,low,7,spaceship,,,06/10/2026 13:39
36bd9c5f-d469-43ac-b38f-8fc9e5dd77c9,car.hockey,available,59.99,59.99,high,medium,3,namesilo,,,28/09/2026 23:22
15ed252a-ab8b-40a1-b039-8262f0600702,car.dental,available,62.3,62.3,high,medium,3,spaceship,,,28/09/2026 23:22
28fecd06-bed6-4304-958e-4491daeae5fd,car.bingo,resell,68.98,,high,medium,3,OVH SAS,31/01/2026 14:16,31/01/2027 14:16,28/09/2026 23:22
3a30c8c9-e559-4dc0-aca4-cfb5a79be5b9,car.page,premium,516.67,516.67,high,medium,3,spaceship,,,28/09/2026 23:22
4c83d1af-e5fa-4570-a6dd-c36f887d70f8,vehicle.tires,premium,1040,1040,high,low,7,namecheap,,,06/10/2026 13:39
dfa97b32-9f1f-4a55-bc5a-e8cfdcfd61b0,vehicle.sh,available,31.05,46.58,high,low,7,spaceship,,,06/10/2026 13:39
6b87d334-3ce4-470c-a4a5-ae9d264c0bae,vehicle.movie,available,46,279.65,high,low,7,unstoppable,,,06/10/2026 13:39
b65edeed-0979-4d90-8500-65271bb914ab,vehicle.garden,premium,414.2,26.08,high,low,7,spaceship,,,06/10/2026 13:39
cdcb085f-4070-48b2-bd1b-cea8c76a5209,car.sexy,premium,34500,34500,high,medium,3,namesilo,,,28/09/2026 23:22
bb493d90-79e4-4acd-86bb-2d526cfe72e0,vehicle.zip,premium,516.67,516.67,high,low,7,spaceship,,,06/10/2026 13:39
815eeec7-5ba7-4252-835c-2b1a078b962e,car.organic,available,17,,high,medium,3,unstoppable,,,28/09/2026 23:22
9a2cd124-481f-4c80-85f2-15414b2a4fe6,vehicle.guitars,available,108.98,159.98,high,low,7,namecheap,,,06/10/2026 13:39
ad35c4a5-f65f-4a42-b4c3-1e86e5a04828,vehicle.observer,premium,1040,1040,high,low,7,namecheap,,,06/10/2026 13:39
2a2ff662-459e-4d3a-9d01-f81065fa58fd,vehicle.rest,premium,65.41,93.35,high,low,7,spaceship,,,06/10/2026 13:39
d5370b33-f9e6-4b70-b56b-3fc9a1c6e05e,vehicle.glass,premium,68.51,68.51,high,low,7,spaceship,,,06/10/2026 13:39
576b56cb-6568-4103-a964-3103462fb8db,car.pink,premium,2000.5,2600,high,medium,3,unstoppable,,,28/09/2026 23:22
dec14fac-b3fc-4afd-90cd-8890d5da445c,car.broker,premium,5175.2,5175.2,high,medium,3,spaceship,,,28/09/2026 23:22
705a02cb-9a18-4093-95af-39d3482b2719,car.hamburg,resell,,,high,medium,3,,20/04/2016 14:43,20/04/2027 14:43,28/09/2026 23:22
a728d2a6-ad4c-4941-8885-693880eac1b4,vehicle.community,available,8.24,47.3,high,low,7,dynadot,,,06/10/2026 13:39
cc878c80-b579-4f54-9286-b9e7faca6a7d,vehicle.stream,premium,517.7,67.48,high,low,7,spaceship,,,06/10/2026 13:39
dfc7aa03-4aed-45d5-9e75-07f1c0da3002,vehicle.furniture,available,20.9,82.76,high,low,7,spaceship,,,06/10/2026 13:39
c528de84-2978-42f4-b9a0-fbe0a5440eed,car.yachts,premium,2070.2,2070.2,high,medium,3,spaceship,,,28/09/2026 23:22
7613ff53-5aaa-4831-a923-4fcb31134502,car.esq,premium,843.7,843.7,high,medium,3,namecheap,,,28/09/2026 23:22
5e3ceef7-f60f-4367-a867-fb0e43089aba,car.college,premium,13000,13000,high,medium,3,namecheap,,,28/09/2026 23:22
aa0f0f70-1b48-4efd-a697-6cf819b9e4e5,car.quest,premium,2600,2600,high,medium,3,namecheap,,,28/09/2026 23:22
44494517-c0d4-40ab-b28a-3d245268ef40,car.shiksha,premium,2660,2660,high,medium,3,namesilo,,,28/09/2026 23:22
f08eb524-e28f-4fd1-8b16-b03bbf655ce5,car.deal,premium,1000.5,1300,high,medium,3,unstoppable,,,28/09/2026 23:22
a299485f-d078-4eed-99c7-4b0390e8c729,car.melbourne,premium,840.27,840.27,high,medium,3,porkbun,,,28/09/2026 23:22
96753872-d988-4ae1-8120-d73af5c07438,car.engineer,premium,62.3,62.3,high,medium,3,spaceship,,,28/09/2026 23:22
18616599-ad32-493d-a775-e9e762d366d0,vehicle.foo,premium,499.2,545.26,high,low,7,unstoppable,,,06/10/2026 13:39
dc5c33de-cd3c-49e9-a7a0-e486bce65b8f,car.ryukyu,available,17.98,22.98,high,medium,3,namecheap,,,28/09/2026 23:22
f92dadc5-b975-4fd3-97df-8e9b47f382e8,vehicle.legal,available,55.2,55.2,high,low,7,cloudflare,,,06/10/2026 13:39
8944a883-ca04-4015-baf8-8c8a60789501,vehicle.hiphop,available,20.9,20.9,high,low,7,spaceship,,,06/10/2026 13:39
893c2f80-c25f-409a-869e-55a5a3edd329,vehicle.audio,available,93.35,103.4,high,low,7,spaceship,,,06/10/2026 13:39
c340ce77-6727-4dae-ac48-ab535755c1be,vehicle.delivery,premium,102.67,102.67,high,low,7,spaceship,,,06/10/2026 13:39
6d45f0d5-ffc0-43c5-8f21-ff8663438675,car.zip,premium,499.2,648.7,high,medium,3,unstoppable,,,28/09/2026 23:22
096ac57d-4a30-42e9-b5a8-bfdbe1441f81,vehicle.uno,premium,1107,1107,high,low,7,namesilo,,,06/10/2026 13:39
1f8ef49a-4be7-44f5-b93d-0b7478243853,vehicle.fish,available,36.43,36.43,high,low,7,spaceship,,,06/10/2026 13:39
aa0d2992-d710-45ec-bc98-d54684e8756a,vehicle.soy,premium,40.57,40.57,high,low,7,spaceship,,,06/10/2026 13:39
e5573602-1748-4128-8bab-46e246054739,vehicle.help,premium,83.3,116,high,low,7,namesilo,,,06/10/2026 13:39
266ed268-52ca-422b-8489-69d4df0a5ff1,car.pictures,resell,,,high,medium,3,,,,28/09/2026 23:22
24b0b797-ba05-46a1-b751-4a6a24d891a3,vehicle.porn,available,95.2,95.2,high,low,7,cloudflare,,,06/10/2026 13:39
550aa6ac-b3f0-4b45-b3d2-0e75b0db6ffb,car.wedding,premium,104,31.2,high,medium,3,namecheap,,,28/09/2026 23:22
532e4285-ac35-44a7-8d3b-3b8695b8f874,vehicle.contractors,available,5.57,32.32,high,low,7,dynadot,,,06/10/2026 13:39
84423de3-6812-4330-bea1-50beb99f01d9,vehicle.blog,premium,517.7,2070.2,high,low,7,spaceship,,,06/10/2026 13:39
6d9e8d0e-32d8-4393-9132-b7dad84ac560,car.moi,premium,242,242,high,medium,3,namesilo,,,28/09/2026 23:22
8d84f0c8-02a8-4493-aea9-acbc3106d9ad,vehicle.schule,available,29.98,32.98,high,low,7,namecheap,,,06/10/2026 13:39
9209ab95-10cb-4f1a-8e6f-b81bcbd73c62,car.foundation,premium,207.2,207.2,high,medium,3,spaceship,,,28/09/2026 23:22
0c768474-de7e-4561-ad03-cdfa76fb2a2b,vehicle.vip,resell,,,high,low,7,"Chengdu West Dimension Digital Technology Co., Ltd.",26/05/2016 17:42,26/05/2027 17:42,06/10/2026 13:39
84856a81-c5e4-4f4e-b727-26aff252ce39,vehicle.film,available,64.42,64.42,high,low,7,dynadot,,,06/10/2026 13:39
c145a991-bd6f-4aa9-ac9d-7e36128dafa7,vehicle.hamburg,available,69.98,73.98,high,low,7,namecheap,,,06/10/2026 13:39
012b54f2-a24b-4716-b4a4-d47ab5408a09,vehicle.dad,premium,257.92,257.92,high,low,7,spaceship,,,06/10/2026 13:39
2c11363b-5b99-4b52-b9f3-6e06457902e5,car.community,resell,,,high,medium,3,"Spaceship, Inc.",09/12/2017 21:05,09/12/2026 21:05,28/09/2026 23:22
57451641-c522-4e39-b74f-69d92392778b,car.fun,premium,10000.2,13000,high,medium,3,unstoppable,,,28/09/2026 23:22
0031c4e0-04e1-44f7-9cfd-faea5ed93e62,car.wtf,resell,,,high,medium,3,Edomains LLC,02/03/2017 23:30,02/03/2027 23:30,28/09/2026 23:22
fff283d4-feef-4f20-9796-5c885f249d82,vehicle.rich,available,79,160.72,high,low,7,dynadot,,,06/10/2026 13:39
67d9ce67-8c91-474c-865b-da3686df8f6e,vehicle.lgbt,available,13.5,66.56,high,low,7,unstoppable,,,06/10/2026 13:39
ffde8dab-75e4-459d-82bf-8206cbc2c9c6,car.show,premium,854,854,high,medium,3,namesilo,,,28/09/2026 23:22
6464dd45-4014-4e4f-be91-ee1546c0c358,vehicle.review,premium,10350.2,103.7,high,low,7,spaceship,,,06/10/2026 13:39
e713ad73-9e44-447a-ae09-6321ca8eb746,vehicle.new,available,412.2,412.2,high,low,7,spaceship,,,06/10/2026 13:39
311a8d7b-c131-468f-9b94-022a9ea31b81,car.pet,premium,1035.2,1035.2,high,low,3,spaceship,,,29/09/2026 07:31
080def14-1c1e-493d-ae8d-070820dd6ab2,vehicle.win,premium,362.45,51.95,high,low,7,spaceship,,,06/10/2026 13:39
ce2e49b0-515c-44f2-9507-ec728b11dcaa,vehicle.gallery,available,26.97,26.97,high,low,7,dynadot,,,06/10/2026 13:39
a42bef30-3dbd-4dd3-a355-050c70e2767f,vehicle.kids,premium,310.7,18.83,high,low,7,spaceship,,,06/10/2026 13:39
9960751a-02c6-4abf-b035-d087e68dcfc8,vehicle.cab,available,13.06,30.18,high,low,7,dynadot,,,06/10/2026 13:39
380a0bc8-687e-41e8-8b23-db4d00f8cd0c,vehicle.study,premium,51.95,51.95,high,low,7,spaceship,,,06/10/2026 13:39
dad182f6-28ad-472f-a075-d39afddf2ad5,vehicle.band,available,24.2,24.2,high,low,7,cloudflare,,,06/10/2026 13:39
9e6f2d07-83f0-4e5b-ac0f-6d7db7849688,vehicle.services,resell,,,high,low,7,"Sav.com, LLC - 29",04/09/2025 15:15,04/09/2027 15:15,06/10/2026 13:39
28fbdbfc-14f8-4d57-826c-a511205d4421,car.wine,resell,,,high,medium,3,"Chengdu West Dimension Digital Technology Co., Ltd.",19/03/2017 08:10,19/03/2027 08:10,28/09/2026 23:22
39c3f139-3278-4cec-aa93-a12b73e858af,vehicle.financial,available,15.73,46.78,high,low,7,spaceship,,,06/10/2026 13:39
25cc198b-95df-4e4d-8cc0-30b372b88516,vehicle.life,resell,,,high,low,7,"Chengdu West Dimension Digital Technology Co., Ltd.",03/06/2018 14:07,03/06/2027 14:07,06/10/2026 13:39
b8591fd7-a1ba-41bb-9cb4-471e0baff802,vehicle.online,premium,1625,6500,high,low,7,namecheap,,,06/10/2026 13:39
f65b1760-ad39-459c-a5a4-342faa1639f9,vehicle.accountants,available,90.2,90.2,high,low,7,cloudflare,,,06/10/2026 13:39
e3364a07-ed2b-444d-aabd-3e3803d16dda,car.live,resell,,,high,medium,3,"Name.com, Inc.",29/06/2016 05:49,29/06/2027 05:49,28/09/2026 23:22
16f657f0-f9c3-47a7-b5b5-63e6aeb3e2a3,car.miami,premium,260,19.5,high,medium,3,namecheap,,,28/09/2026 23:22
bf7b37c5-8104-4c8a-a5a8-175c1f774e4b,car.video,premium,1100,1100,high,medium,3,dynadot,,,28/09/2026 23:22
448bc280-399b-4e81-bc15-4644e62651cc,car.cam,premium,11000,15.2,high,medium,3,dynadot,,,28/09/2026 23:22
8431d11e-bb87-478b-b6dd-12e5afeae1c1,vehicle.store,premium,275,1100,high,low,7,dynadot,,,06/10/2026 13:39
01b43c9a-a794-45a3-9bd2-36f2eff7ac5f,car.band,premium,118.8,118.8,high,medium,3,namesilo,,,28/09/2026 23:22
c8118384-084c-4f6f-ac78-b4108159f1bd,car.fitness,premium,42.9,42.9,high,medium,3,namecheap,,,28/09/2026 23:22
6a99459e-2632-430d-bacd-a6bb6bcbfdc3,car.dad,premium,648.7,648.7,high,medium,3,namecheap,,,28/09/2026 23:22
7863250c-3622-4624-b967-6daf978a4615,vehicle.cars,available,2140.22,2140.22,high,low,7,dynadot,,,06/10/2026 13:39
20a234b6-1d0b-47f7-a51e-9213fc4f5dbe,vehicle.channel,premium,323.7,323.7,high,low,7,namecheap,,,06/10/2026 13:39
5a405b50-8b64-409d-bcce-b4836d82f22a,car.site,premium,3125,12500,high,medium,3,name.com,,,28/09/2026 23:22
27259212-a05f-4e4c-8943-20f7fbb914f7,vehicle.limited,available,37.98,39.98,high,low,7,namecheap,,,06/10/2026 13:39
82220ca4-1120-4701-935b-e5a1746fd30e,car.run,resell,,,high,medium,3,Alibaba Cloud Computing Ltd. d/b/a HiChina (www.net.cn),19/08/2015 16:00,19/08/2027 16:00,28/09/2026 23:22
4f2641ac-15dc-46fa-a2c9-11fa0ae9c2ef,vehicle.partners,available,9.52,57.13,high,low,7,spaceship,,,06/10/2026 13:39
61af4a4a-878c-4536-9b37-3c64f15176f9,car.singles,resell,,,high,medium,3,"Global Domains International, Inc. DBA DomainCostClub.com",19/02/2019 15:58,19/02/2027 15:58,28/09/2026 23:22
3afdf75a-b28f-4e80-8499-e196a1419bf2,vehicle.website,premium,517.7,1035.2,high,low,7,spaceship,,,06/10/2026 13:39
aef74ef0-5bab-4e6a-9409-7cdfb19dce59,car.domains,premium,512,512,high,medium,3,namesilo,,,28/09/2026 23:22
78346382-c607-4bd7-bc8b-766ad6d808fb,vehicle.farm,available,7.71,35.53,high,low,7,dynadot,,,06/10/2026 13:39
44771e68-7562-4fa1-90c6-40e36a0d411c,car.film,premium,242,242,high,medium,3,namesilo,,,28/09/2026 23:22
a4b7a917-2ed0-4fbb-be7e-727c22d0882c,vehicle.cruises,available,43.2,43.2,high,low,7,cloudflare,,,06/10/2026 13:39
d8c9a383-de9a-4b4f-a688-144802e9b090,vehicle.market,premium,414.2,414.2,high,low,7,spaceship,,,06/10/2026 13:39
efdb3e6f-a8be-4e02-bd78-33fefe1c2b07,vehicle.wedding,available,26.97,26.97,high,low,7,dynadot,,,06/10/2026 13:39
12152378-b9a6-46f0-bfa2-aaa9420914c3,vehicle.reviews,premium,414.2,414.2,high,low,7,spaceship,,,06/10/2026 13:39
5736cd1b-f166-4177-a54d-7f98e42d9cf7,vehicle.paris,available,66.98,66.98,high,low,7,namecheap,,,06/10/2026 13:39
a8ab999e-422f-4e75-a8e8-30e7ea7ba2ca,vehicle.holiday,available,50.2,50.2,high,low,7,cloudflare,,,06/10/2026 13:39
afbf37d4-83aa-4290-ac6a-62f61b09ad24,vehicle.accountant,premium,455,65,high,low,7,namecheap,,,06/10/2026 13:39
61b2e5bd-0a5c-44ca-9127-f688ac8217af,vehicle.doctor,available,8.24,106.15,high,low,7,dynadot,,,06/10/2026 13:39
a2bf0b29-2009-47ec-a73f-28bddd5e10be,car.sucks,premium,2658.67,2658.67,high,medium,3,namesilo,,,28/09/2026 23:22
7aaad84f-f44c-42aa-860b-d84c82723244,car.ski,premium,102.67,102.67,high,medium,3,spaceship,,,28/09/2026 23:22
d987e4fe-da1e-405d-b865-0b1f6f001e72,vehicle.family,premium,200.5,220,high,low,7,unstoppable,,,06/10/2026 13:39
05be0824-a069-4e08-848e-6edb418cb28e,vehicle.cfd,premium,155.45,310.7,high,low,7,spaceship,,,06/10/2026 13:39
886645e8-7b7c-4e1d-9d0e-64ce9197b8d8,car.builders,premium,72.6,72.6,high,medium,3,dynadot,,,28/09/2026 23:22
ac0b9466-a8aa-46ca-a737-a61e7f97d989,car.contact,resell,,,high,medium,3,"NameCheap, Inc.",07/12/2020 01:25,07/12/2026 01:25,28/09/2026 23:22
b72036f8-ecde-4433-8453-7e71f0d396a1,vehicle.organic,available,66.2,66.2,high,low,7,cloudflare,,,06/10/2026 13:39
2b8e362b-304c-492f-a331-020820c52975,vehicle.mba,available,17,49.98,high,low,7,unstoppable,,,06/10/2026 13:39
173b38e3-1017-493c-a0e0-a52da39a4da0,vehicle.bingo,available,42.64,42.64,high,low,7,spaceship,,,06/10/2026 13:39
c9668d07-624c-43a2-bde6-2d68367bde55,vehicle.vegas,available,16.51,43.61,high,low,7,dynadot,,,06/10/2026 13:39
2a95ab0b-2f25-49e0-b547-2304018aa232,car.florist,available,25.2,25.2,high,medium,3,cloudflare,,,28/09/2026 23:22
d7bbe06c-2ebb-494b-bf03-5ea9da49c6ad,car.fishing,premium,41.6,26.08,high,medium,3,spaceship,,,28/09/2026 23:22
334da13f-b24f-4b34-8d5f-1f406cbd0da8,car.express,resell,,,high,medium,3,"Go Australia Domains, LLC",12/07/2015 16:00,12/07/2027 16:00,28/09/2026 23:22
fe49c51b-8e18-47de-8346-292bd253ae43,car.marketing,resell,,,high,medium,3,,,,28/09/2026 23:22
c7da5132-05b6-40ed-a34f-430d6a098ab7,vehicle.llc,premium,258.95,258.95,high,low,7,spaceship,,,06/10/2026 13:39
c8cf5a63-7e8f-4a1b-b08c-0ce6cfa1a96e,car.yoga,premium,44,26.97,high,medium,3,dynadot,,,28/09/2026 23:22
20855f21-55f8-4e3b-b421-259f09d05ed9,vehicle.diet,available,93.35,103.4,high,low,7,spaceship,,,06/10/2026 13:39
16f7608b-33fe-417d-b6ed-b3b8319fa8f2,vehicle.camp,available,48.2,48.2,high,low,7,cloudflare,,,06/10/2026 13:39
683cfdec-cc33-4e52-9177-448f594a635c,car.meme,premium,710.1,710.1,high,medium,3,porkbun,,,28/09/2026 23:22
81ccfb83-4743-4b52-b6c3-2c59c5535674,vehicle.men,premium,362.45,51.95,high,low,7,spaceship,,,06/10/2026 13:39
eb1941bb-2f08-4893-8d81-ba4102fe6772,vehicle.taxi,available,8.98,69.98,high,low,7,namecheap,,,06/10/2026 13:39
3df256a8-5429-49f0-a144-f8a52bdf3925,car.partners,premium,85.8,85.8,high,medium,3,namecheap,,,28/09/2026 23:22
aa0bb4c1-b998-4dd9-bc03-afb1160124d2,car.berlin,resell,,,high,medium,3,,27/11/2015 20:16,27/11/2027 20:16,28/09/2026 23:22
3ceb0736-ee6a-42b3-9974-ac6757c86742,vehicle.diamonds,available,43.67,43.67,high,low,7,spaceship,,,06/10/2026 13:39
068dec97-97ca-4179-921b-e8e0a5f06f68,vehicle.ag,available,82.5,82.5,high,low,7,dynadot,,,06/10/2026 13:39
ced1f1dc-8108-4c1c-9bfb-c9f8c86fd199,car.town,premium,207.2,207.2,high,medium,3,spaceship,,,28/09/2026 23:22
80f41245-b003-47aa-9ee7-316c26d4b0e3,vehicle.download,premium,362.45,51.95,high,low,7,spaceship,,,06/10/2026 13:39
638b52a8-7c8c-4375-892a-b77dd38691a1,vehicle.gifts,available,29.18,29.18,high,low,7,spaceship,,,06/10/2026 13:39
d31f780d-127e-4fce-b7b7-29f820149e3d,vehicle.florist,available,25.2,25.2,high,low,7,cloudflare,,,06/10/2026 13:39
accc536e-3059-43f0-9b11-29bbc884ac23,vehicle.theater,available,50.2,50.2,high,low,7,cloudflare,,,06/10/2026 13:39
2d9c79ea-7e5a-4fe6-baf7-81395f7f57f4,vehicle.bz,available,18.88,18.88,high,low,7,dynadot,,,06/10/2026 13:39
0f0f3980-8213-4f43-9a16-41ea77263a90,vehicle.tours,available,5.57,58,high,low,7,dynadot,,,06/10/2026 13:39
b144f911-93f2-4c8e-91a4-9b980bed0d59,car.date,premium,384,53.92,high,medium,3,namesilo,,,28/09/2026 23:22
f16ee844-315c-4a6c-b582-5d020b992b08,vehicle.money,available,27.2,27.2,high,low,7,cloudflare,,,06/10/2026 13:39
a9c653f8-d681-40bf-8361-121b1e33820c,vehicle.rodeo,available,10.92,10.92,high,low,7,dynadot,,,06/10/2026 13:39
1b07ae56-2f36-4168-9ded-506c18889a6f,vehicle.holdings,available,60.14,60.14,high,low,7,dynadot,,,06/10/2026 13:39
01712260-cea2-480c-8a3d-be16696f7d26,car.vc,resell,,,high,medium,3,"Sav.com, LLC",14/09/2008 07:07,14/09/2027 07:07,28/09/2026 23:22
cf82a44f-ee12-4799-9a7e-8f802f7982d0,car.technology,resell,,,high,medium,3,,,,28/09/2026 23:22
8bc6afd7-811f-419c-9615-698d842aabbf,car.football,premium,42.9,42.9,high,medium,3,namecheap,,,28/09/2026 23:22
de5fa4d8-4b1a-49ac-9c2a-dfb1ea78c817,vehicle.nyc,available,26.08,26.08,high,low,7,spaceship,,,06/10/2026 13:39
6b4535aa-0a09-41b6-af43-33bc3effab55,vehicle.recipes,available,6.64,70.84,high,low,7,dynadot,,,06/10/2026 13:39
70804aed-d6e3-4e6d-b5ba-a16a2adeebe0,vehicle.events,available,9.52,36.43,high,low,7,spaceship,,,06/10/2026 13:39
c6789137-94e2-44f9-baa9-1ef90e7113f4,car.email,resell,,,high,medium,3,"Sav.com, LLC - 20",30/12/2025 15:15,30/12/2026 15:15,28/09/2026 23:22
3cce4298-34ed-41b0-b6a6-44b12a6061de,vehicle.ryukyu,available,17.98,22.98,high,low,7,namecheap,,,06/10/2026 13:39
ef8243d5-15c6-4fdb-9d6c-8a9d30ce1aa0,car.lighting,resell,,,high,medium,3,,,,28/09/2026 23:22
62717810-f555-45de-a441-a8ad0dd16c85,vehicle.eco,premium,7762.7,59.71,high,low,7,spaceship,,,06/10/2026 13:39
45eebf6d-f7c2-4669-8df1-73c6922164c4,vehicle.claims,resell,,,high,low,7,"Go China Domains, LLC",03/09/2014 16:00,03/09/2027 16:00,06/10/2026 13:39
e5cb2b70-a35d-4439-af2d-92e87fe18d0c,vehicle.nexus,premium,499.2,516.67,high,low,7,unstoppable,,,06/10/2026 13:39
533d904f-060c-40df-a65f-18b3daf530ef,car.cooking,premium,47.2,29.5,high,medium,3,namesilo,,,28/09/2026 23:22
22d3678e-6e0c-4432-9803-9f3506249c29,vehicle.game,premium,1345.7,1345.7,high,low,7,spaceship,,,06/10/2026 13:39
b7db3f6b-6012-4f45-8154-5bcad24e752e,car.charity,premium,220,220,high,medium,3,dynadot,,,28/09/2026 23:22
1aed188b-6eeb-4e01-9aa7-384fefbcf659,car.navy,available,41.99,41.99,high,medium,3,namesilo,,,28/09/2026 23:22
6efdfc92-3507-49be-ba48-443611252f2c,car.fashion,resell,,,high,medium,3,"Spaceship, Inc.",26/12/2022 00:00,26/12/2026 00:00,28/09/2026 23:22
930d3acf-9bf9-4008-921e-c6e6ca84d604,vehicle.futbol,available,13.2,13.2,high,low,7,cloudflare,,,06/10/2026 13:39
e8a12bc0-7dce-416d-bf0a-cd38f0f05fcf,vehicle.miami,premium,207.2,18.83,high,low,7,spaceship,,,06/10/2026 13:39
8b609707-3428-4bac-8e75-489def888502,vehicle.tienda,available,46.2,46.2,high,low,7,cloudflare,,,06/10/2026 13:39
41a3b16a-f7bc-42f9-9ebf-8bf0543ffd52,vehicle.fans,premium,,,high,low,7,,,,06/10/2026 13:39
36df5698-3c92-418c-8b9e-a2d83123b671,car.gifts,resell,,,high,medium,3,Dynadot Inc,06/01/2020 08:55,06/01/2027 08:55,28/09/2026 23:22
a1b5ec8b-bb3e-40c0-bd90-0b6a3a8aca83,vehicle.lat,available,1.24,26.08,high,low,7,spaceship,,,06/10/2026 13:39
edf7db87-3247-4908-ae06-acaccf58f788,vehicle.dealer,premium,1604.45,2070.2,high,low,7,spaceship,,,06/10/2026 13:39
b836ed0f-2955-4911-b761-96cc11595c9d,vehicle.shoes,available,31.25,51.95,high,low,7,spaceship,,,06/10/2026 13:39
c8811e7d-fb5e-46d0-b2eb-73dfe84bec07,vehicle.phd,premium,340.72,340.72,high,low,7,spaceship,,,06/10/2026 13:39
b872fc55-363c-4008-9efd-865837c68b4a,car.vodka,premium,47.2,29.5,high,medium,3,namesilo,,,28/09/2026 23:22
46bec3c6-3c40-474c-ab6a-d50489859dd3,car.management,premium,68.51,68.51,high,medium,3,spaceship,,,28/09/2026 23:22
48c31234-cdb0-4a3e-8ee5-bd361d60caaf,car.agency,resell,,,high,medium,3,"Spaceship, Inc.",09/12/2023 15:15,09/12/2026 15:15,28/09/2026 23:22
58ede72b-aaad-4011-8b61-210c2a35a542,car.vacations,resell,,,high,medium,3,,,,28/09/2026 23:22
35893bfe-cef3-4876-a31a-b1db381ef53a,car.sydney,available,58,58,high,medium,3,namesilo,,,28/09/2026 23:22
4ba25ff6-ae08-4a49-b552-ff45953af275,vehicle.cricket,premium,362.45,51.95,high,low,7,spaceship,,,06/10/2026 13:39
9445153f-f3cf-4d5e-a146-c04f05e10cb0,vehicle.webcam,available,10.18,10.18,high,low,7,cloudflare,,,06/10/2026 13:39
33c4beab-24d4-4910-b79d-78c5ba9e6fa4,vehicle.theatre,available,500.2,500.2,high,low,7,cloudflare,,,06/10/2026 13:39
b84e62d9-3d72-4532-ba6d-2fc2e0ae818d,vehicle.blackfriday,available,103.7,103.7,high,low,7,spaceship,,,06/10/2026 13:39
b7d1822a-c55c-4900-a534-a91d4710277a,vehicle.bike,available,12,31.25,high,low,7,unstoppable,,,06/10/2026 13:39
dd386926-fabb-413c-befa-dda810952cfd,vehicle.health,resell,19.99,,high,low,7,"Spaceship, Inc.",29/04/2026 18:22,29/04/2027 18:22,06/10/2026 13:39
bd8bc8b5-2010-4eec-8737-caf1516378e7,automobile.auto,available,1863.2,2064.2,high,low,10,spaceship,,,28/09/2026 23:26
b347d69b-26eb-4b06-bc78-6429acb51a95,car.rehab,premium,220,220,high,medium,3,dynadot,,,28/09/2026 23:22
00342484-52b5-4c39-b021-c09b7385bd4c,car.reisen,resell,,,high,medium,3,GoDaddy Online Services Cayman Islands Ltd.,18/10/2015 03:51,18/10/2031 03:51,28/09/2026 23:22
27e7d026-61a9-476e-8eab-951359b678fe,vehicle.now,resell,,,high,low,7,Dynadot Inc,12/07/2025 00:24,12/07/2027 00:24,06/10/2026 13:39
b2566bd1-85bd-44cc-995f-5eac1103459b,car.lat,resell,,,high,medium,3,"Soluciones Corporativas IP, SL",31/07/2015 14:32,31/07/2027 23:59,28/09/2026 23:22
6cada12a-a069-46f9-98ef-4065d5ac60e1,vehicle.computer,available,22.5,48.98,high,low,7,unstoppable,,,06/10/2026 13:39
d0c11edd-955c-436f-9504-9e31be1dcbae,vehicle.cheap,available,5.38,29.18,high,low,7,spaceship,,,06/10/2026 13:39
5a89eb44-3e1b-4bff-9fae-bf1a1eef082b,vehicle.restaurant,available,10.55,51.95,high,low,7,spaceship,,,06/10/2026 13:39
4a6c1f62-e98c-45e6-bc8e-af60f6c00e2d,vehicle.markets,available,5.57,16.27,high,low,7,dynadot,,,06/10/2026 13:39
fc0dc9dd-60d0-4d06-9b1a-e28dc8414b95,vehicle.express,available,30.2,30.2,high,low,7,cloudflare,,,06/10/2026 13:39
f10c44d1-91e3-4d4c-9dba-c29e63d793e0,vehicle.gg,resell,,,high,low,7,"humbly, LLC (http://park.io)",,,06/10/2026 13:39
2dbb9fa3-a006-417d-ad58-bec64e1e8404,car.gripe,premium,38.94,38.94,high,medium,3,namesilo,,,28/09/2026 23:22
bf1c167f-af82-4c72-b742-64248c815f6d,vehicle.buzz,premium,110,55,high,low,7,dynadot,,,06/10/2026 13:39
585a7854-35ca-4679-9dc4-9c45bffb8741,vehicle.info,resell,40250,35.99,high,low,7,"GoDaddy.com, LLC",13/07/2002 19:37,13/07/2027 19:37,06/10/2026 13:39
1892904b-02aa-471e-a914-c8be08191ccc,vehicle.mom,premium,672.95,672.95,high,low,7,spaceship,,,06/10/2026 13:39
fa0fd1a5-bbe2-44c3-8bc6-94187994e910,vehicle.gift,available,20.98,23.98,high,low,7,namecheap,,,06/10/2026 13:39
964f5069-484b-4720-8158-26089f64863e,vehicle.berlin,available,79.98,89.98,high,low,7,namecheap,,,06/10/2026 13:39
bc21e8d4-adc3-4515-87c2-62232c751367,car.flowers,premium,832,832,high,medium,3,namesilo,,,28/09/2026 23:22
b05db590-9357-4f6a-9dec-fdd77f919f47,car.horse,premium,41.6,26.08,high,medium,3,spaceship,,,28/09/2026 23:22
8178a866-183c-43d2-acc0-c518fdcb6729,car.tickets,premium,1552.7,1552.7,high,medium,3,spaceship,,,28/09/2026 23:22
ebb208f9-9760-44af-b45a-37473e510a84,car.business,premium,828.2,828.2,high,medium,3,spaceship,,,28/09/2026 23:22
43bfae08-5282-4e50-8e05-2dcf3a3a7964,vehicle.fast,premium,51.95,51.95,high,low,7,spaceship,,,06/10/2026 13:39
5a138202-611f-490a-a6fd-3746cdc0fbf3,car.club,resell,,,high,medium,3,"GoDaddy.com, LLC",19/07/2019 21:22,19/07/2027 21:22,28/09/2026 23:22
adb729f5-4038-4e1a-a085-c15e3f6e6fb1,vehicle.hiv,available,184.9,184.9,high,low,7,spaceship,,,06/10/2026 13:39
f7ff3f3a-f5d5-40a9-a1d6-d73232f1cca6,vehicle.boutique,available,2.27,26.08,high,low,7,spaceship,,,06/10/2026 13:39
791cb516-2009-41e9-ae8f-9dbd98cfaec2,vehicle.tennis,available,67.98,81.98,high,low,7,namecheap,,,06/10/2026 13:39
ef339446-4e24-4ef9-89a2-0fd10b442ebe,car.reise,available,77.83,77.83,high,medium,3,spaceship,,,28/09/2026 23:22
0d6cb696-ed1e-44e6-b061-5dbad092e720,car.nexus,premium,648.7,648.7,high,medium,3,namecheap,,,28/09/2026 23:22
3762e3eb-7ae9-4bd2-ba4e-f5ce51d244fa,vehicle.forex,available,13.5,80.2,high,low,7,unstoppable,,,06/10/2026 13:39
bfe6c2aa-b5ee-444f-bee0-a5473b2e56d0,car.dog,resell,,,high,medium,3,Automattic Inc.,14/04/2023 15:15,14/04/2031 15:15,28/09/2026 23:22
1ef4cefa-84aa-4452-b265-b415ebcb57dc,car.vegas,premium,220,109.94,high,medium,3,dynadot,,,28/09/2026 23:22
83aab4d2-cc88-40d4-879a-5a6aca0eacfa,car.guitars,available,107.22,107.22,high,medium,3,dynadot,,,28/09/2026 23:22
90863f22-5bde-4e45-a6a0-a342fdd2bfac,car.garden,premium,44,26.97,high,medium,3,dynadot,,,28/09/2026 23:22
39de55f2-2425-4ce9-b56f-b4f3d36c64f5,vehicle.marketing,available,32.2,32.2,high,low,7,cloudflare,,,06/10/2026 13:39
193472ef-a498-4b99-afe3-63de56252f9f,car.realty,available,280.2,280.2,high,medium,3,cloudflare,,,28/09/2026 23:22
09b35592-c128-4ab9-ab70-7113d45b1565,vehicle.ski,available,26.5,51.95,high,low,7,unstoppable,,,06/10/2026 13:39
bb5bf12d-5278-4184-8100-d4d2cfd2f233,engine.equipment,available,22.97,22.97,high,low,6,spaceship,,,05/10/2026 16:15
0636ad5d-5136-4f40-87d1-35673b7f4364,engine.company,resell,,,high,low,6,Dynadot Inc,23/07/2026 17:00,23/07/2027 17:00,05/10/2026 16:15
a854f8b8-846c-4cd1-bb73-3c58f3c443ee,engine.live,resell,,,high,low,6,Squarespace Domains II LLC,20/04/2020 19:46,20/04/2027 19:46,05/10/2026 16:15
a918338e-a78b-481d-a301-136440cdf237,vehicle.inc,premium,1604.45,2070.2,high,low,7,spaceship,,,06/10/2026 13:39
d7147ad5-b79d-4efb-82a8-4613acf94dca,vehicle.cleaning,premium,128.7,128.7,high,low,7,namecheap,,,06/10/2026 13:39
3809046d-5a63-41aa-9060-468c260a29ef,engine.dental,available,78.99,78.99,high,low,6,namesilo,,,05/10/2026 16:15
58c93d72-036f-4891-ab49-d7ea9d9af219,engine.football,available,25.99,25.99,high,low,6,namesilo,,,05/10/2026 16:15
20d63407-e4ac-4710-a9a5-59daabb2119a,engine.futbol,available,5.38,13.66,high,low,6,spaceship,,,05/10/2026 16:15
fd75726f-7e7c-4551-b822-d77c1f2f1f23,engine.gripe,available,5.38,5.38,high,low,6,spaceship,,,05/10/2026 16:15
ac0ae6d5-9dd2-4b22-9093-fb246d3a0437,car.jewelry,available,51.95,51.95,high,medium,3,spaceship,,,28/09/2026 23:22
fe7ff735-33a5-4dd6-96dc-3daf4a4bda77,vehicle.tube,premium,110,21.62,high,low,7,dynadot,,,06/10/2026 13:39
d2b23437-4fda-42c9-86ea-5b048f4b396d,car.watch,resell,,,high,medium,3,"GoDaddy.com, LLC",25/07/2015 13:57,25/07/2027 13:57,28/09/2026 23:22
1327a57d-546a-46c6-978a-df5ca6b25055,vehicle.democrat,available,25.2,25.2,high,low,7,cloudflare,,,06/10/2026 13:39
e0d28100-8dad-4501-b7ec-7ef20bf0c21a,car.gay,premium,715,715,high,medium,3,dynadot,,,28/09/2026 23:22
8345ad7c-76e2-43cb-9263-00fe83f91945,car.dating,premium,128.7,128.7,high,medium,3,namecheap,,,28/09/2026 23:22
ddd8a98c-6afd-48c6-83c5-a17fd9322528,vehicle.space,premium,2500.2,2587.7,high,low,7,unstoppable,,,06/10/2026 13:39
89914761-10ab-41be-a801-0d314466e749,engine.bargains,available,17.99,26.49,high,low,6,namesilo,,,05/10/2026 16:15
07cb8736-1ddc-44e4-b9bb-fb93919db643,vehicle.xxx,available,69.98,154.98,high,low,7,namecheap,,,06/10/2026 13:39
72c06eab-bf36-4b70-b372-26edbbedd051,vehicle.voto,available,10.55,55.93,high,low,7,spaceship,,,06/10/2026 13:39
9fbd4efc-74fa-4172-b3d5-b066f73028f9,engine.quest,resell,,,high,low,6,UM Domains Pte. Ltd.,14/01/2026 08:24,14/01/2027 23:59,05/10/2026 16:15
20b8e2b7-0b59-49b1-a5cd-5b560b59abb4,engine.ing,premium,382.61,382.61,high,low,6,porkbun,,,05/10/2026 16:15
443f4e5f-d34d-4cfb-bba1-dea26ea42855,vehicle.vet,available,33.32,33.32,high,low,7,spaceship,,,06/10/2026 13:39
1a8f0694-b688-43d7-a786-87b06ef43e77,engine.industries,available,45.99,45.99,high,low,6,namesilo,,,05/10/2026 16:15
ce83a7c6-c9de-4f14-98d1-8f10946b9303,vehicle.menu,available,34.98,38.98,high,low,7,namecheap,,,06/10/2026 13:39
1315f144-3c82-4c69-8dd7-15b7b1d02ed6,engine.glass,available,58.19,58.19,high,low,6,porkbun,,,05/10/2026 16:15
caafb8bd-f90c-4914-b018-bd0a09085705,engine.cooking,available,26.97,26.97,high,low,6,dynadot,,,05/10/2026 16:15
e67ce5c9-861e-4fd9-89be-d281779d59bb,engine.surf,available,2.19,32.49,high,low,6,namesilo,,,05/10/2026 16:15
c5db60ce-8194-4158-8822-28800d6ce1fe,engine.ong,available,15.2,15.2,high,low,6,cloudflare,,,05/10/2026 16:15
235fbe62-f0e7-4639-bf89-353ef33e603e,engine.clothing,available,25.2,25.2,high,low,6,cloudflare,,,05/10/2026 16:15
a82b94d4-d955-4288-a6e8-590db927186e,vehicle.tax,premium,828.2,828.2,high,low,7,spaceship,,,06/10/2026 13:39
058ce676-c88c-461b-9192-e354a1f11b05,vehicle.reisen,available,16.76,16.76,high,low,7,spaceship,,,06/10/2026 13:39
d3a4f289-ce43-4679-98a7-fbc6a57ea5a3,engine.holiday,available,51.95,51.95,high,low,6,spaceship,,,05/10/2026 16:15
15aac24d-8fcd-48a9-872a-79b98d7752f1,vehicle.makeup,available,1.24,13.97,high,low,7,spaceship,,,06/10/2026 13:39
b95ce2b6-f7d4-470b-9533-58364c8b18b3,engine.spot,premium,110,110,high,low,6,dynadot,,,05/10/2026 16:15
f957fbda-ca3d-4d17-903e-37a8114b4cd2,vehicle.chat,resell,,,high,low,7,"Chengdu West Dimension Digital Technology Co., Ltd.",05/03/2019 18:16,05/03/2027 18:16,06/10/2026 13:39
65214c4d-cfbf-48f7-a7a3-64c520d79ccf,vehicle.boo,premium,257.92,257.92,high,low,7,spaceship,,,06/10/2026 13:39
02aa42da-da43-4557-8f46-592d969cdc5e,vehicle.juegos,available,321.22,321.22,high,low,7,dynadot,,,06/10/2026 13:39
b97c99fb-ba14-4a08-bce7-a397297fcc3a,car.design,resell,,,high,medium,3,"Sav.com, LLC - 2",14/01/2025 00:02,14/01/2027 00:02,28/09/2026 23:22
0dd55659-1cc2-47bc-921a-07ab76da6c32,car.gives,premium,85.8,85.8,high,medium,3,namecheap,,,28/09/2026 23:22
289d1c58-fe32-4501-9bce-db57934a8cf5,engine.sbs,premium,310.7,621.2,high,low,6,spaceship,,,05/10/2026 16:15
e7895076-75a8-40c9-aa76-8ef6828ef17d,car.llc,premium,2660,2660,high,medium,3,namesilo,,,28/09/2026 23:22
e946ffb4-1183-4486-a64d-524a89198a5a,vehicle.tattoo,available,1.75,31.25,high,low,7,spaceship,,,06/10/2026 13:39
fe78261a-f4f0-47a4-b0ce-9d22c1ef8946,vehicle.ac,available,28.98,76.98,high,low,7,namecheap,,,06/10/2026 13:39
35b61996-59ac-4680-9a16-29257828de28,vehicle.page,resell,,,high,low,7,,,,06/10/2026 13:39
2b7ca8bf-4b98-4ffe-baa0-c7fc34b795dd,engine.fail,premium,118.8,118.8,high,low,6,namesilo,,,05/10/2026 16:15
1c536c8a-459d-4583-b2a1-b6701ec64538,engine.gift,available,14.99,14.99,high,low,6,namesilo,,,05/10/2026 16:15
1d41c6cd-2093-4207-ad95-da9e0151625a,vehicle.hair,available,1.8,21.98,high,low,7,namecheap,,,06/10/2026 13:39
f353d37a-0f87-4b8b-9e4b-e674380dfe89,vehicle.cooking,available,26.97,26.97,high,low,7,dynadot,,,06/10/2026 13:39
6d7a0015-e525-42d7-9c7d-1240536f187b,vehicle.pub,available,32.29,32.29,high,low,7,spaceship,,,06/10/2026 13:39
0acad491-6e7e-4dc2-bbfc-c1b37ffac4bc,car.flights,premium,220,220,high,medium,3,dynadot,,,28/09/2026 23:22
cb844acc-834e-4b09-888b-2cc74141bf97,engine.car,available,1999.99,2199,high,low,6,namesilo,,,05/10/2026 16:15
aa21a73d-66c0-412f-b32c-b46a8482ce55,car.protection,available,1999.99,2049.99,high,medium,3,namesilo,,,28/09/2026 23:22
8d47c30a-18b3-46e3-b763-b2938b64a4d8,car.rsvp,premium,648.7,648.7,high,medium,3,namecheap,,,28/09/2026 23:22
f5d767da-b0c9-4dce-9fc6-f0ceeecbe7c6,engine.degree,available,8.24,41.71,high,low,6,porkbun,,,05/10/2026 16:15
345ef94a-742f-42ea-baf9-2f8131f81822,engine.autos,resell,,,high,low,6,"Spaceship, Inc.",03/03/2022 09:55,03/03/2027 23:59,05/10/2026 16:15
6145c9c2-df7d-4621-94b0-909530077447,car.faith,premium,517.7,67.48,high,medium,3,spaceship,,,28/09/2026 23:22
4bbdbfd2-f0b9-4918-8752-dac958e896f9,vehicle.science,premium,5175.2,103.7,high,low,7,spaceship,,,06/10/2026 13:39
65ce768f-50a7-4892-ae16-360f735324e5,vehicle.gmbh,available,36.43,36.43,high,low,7,spaceship,,,06/10/2026 13:39
276f29e3-45c9-453f-8145-fcba4a9982fe,engine.care,premium,512,512,high,low,6,namesilo,,,05/10/2026 16:15
e91eafcf-3024-439d-8da2-e49f19c1614d,car.loans,resell,,,high,medium,3,"GoDaddy.com, LLC",26/08/2015 16:00,26/08/2028 16:00,28/09/2026 23:22
bf0c08a1-cb9f-4ec2-a2a6-3f935f789e43,car.haus,resell,,,high,medium,3,Dynadot Inc,22/01/2019 16:33,22/01/2027 16:33,28/09/2026 23:22
ae6029a6-a298-47c5-b2c5-ef716ea1b0ae,car.jetzt,resell,,,high,medium,3,united-domains GmbH,21/06/2016 10:00,21/06/2027 10:00,28/09/2026 23:22
f64005cb-bb40-476a-9238-73a9e07d0f4c,vehicle.salon,available,10.92,52.65,high,low,7,dynadot,,,06/10/2026 13:39
c2465718-4d11-45a9-8cb8-6ddf2cd13019,vehicle.pictures,available,12.62,12.62,high,low,7,spaceship,,,06/10/2026 13:39
a9b0d8dd-c57e-421b-a794-3aa84abacdb0,vehicle.sexy,available,2587.7,2587.7,high,low,7,spaceship,,,06/10/2026 13:39
740631a4-7574-4df4-8d57-c938396dcbee,vehicle.hospital,available,44.2,44.2,high,low,7,cloudflare,,,06/10/2026 13:39
4d93ec4b-e2c8-49c4-a21d-df073ccdbced,engine.blackfriday,available,114.99,114.99,high,low,6,namesilo,,,05/10/2026 16:15
624af409-eac3-4662-8e13-4adf20fff9fe,vehicle.co,resell,172500,48.99,high,low,7,"GoDaddy.com, LLC",31/08/2010 18:23,30/08/2027 23:59,06/10/2026 13:39
550e9cc2-0e0b-44c0-812a-6a21279b8e01,vehicle.ngo,available,16.72,16.72,high,low,7,dynadot,,,06/10/2026 13:39
0a1a9e91-2e01-4162-add0-eb98cda955d4,vehicle.me,resell,7738.35,27.99,high,low,7,Edomains LLC,05/12/2024 15:15,05/12/2026 15:15,06/10/2026 13:39
29ababe4-32f2-4e69-b810-488f7d434ce9,vehicle.deal,premium,100.5,116,high,low,7,unstoppable,,,06/10/2026 13:39
5a0d5d77-ff15-4b3e-9990-f144545b4967,engine.support,available,8.5,21.94,high,low,6,unstoppable,,,05/10/2026 16:15
4b24d197-d9cf-4c95-ab8d-8600a6db8a59,vehicle.adult,available,95.2,95.2,high,low,7,cloudflare,,,06/10/2026 13:39
cfc86ebc-967d-4898-9d3a-f49d440a7f9a,engine.fit,resell,,,high,low,6,"Sav.com, LLC - 48",23/01/2026 00:00,23/01/2027 00:00,05/10/2026 16:15
893b3140-5e16-4c05-9ab6-751248e5c0e6,vehicle.top,resell,,,high,low,7,厦门市中资源网络服务有限公司,05/02/2017 06:49,05/02/2032 06:49,06/10/2026 13:39
9bdfe3de-d222-404e-97e5-d3f0fa7389f3,engine.love,resell,,,high,low,6,GoDaddy,03/12/2023 14:26,03/12/2026 14:26,05/10/2026 16:15
37f0f0c9-a647-4f93-8609-a2dbede58dda,engine.republican,available,25.2,25.2,high,low,6,cloudflare,,,05/10/2026 16:15
71ee425a-d735-49fc-85f9-c573b5db6117,engine.shoes,available,21.62,53.72,high,low,6,dynadot,,,05/10/2026 16:15
c09202ae-d1fd-46f6-a9ec-aefcf4b628bf,car.red,premium,2000.5,2600,high,medium,3,unstoppable,,,28/09/2026 23:22
35a4c626-87b9-40ec-a033-3a77196f324c,car.tattoo,premium,103.7,103.7,high,medium,3,spaceship,,,28/09/2026 23:22
c5874a70-adf8-4777-b0ac-57620aa8d0e7,vehicle.giving,available,11.99,23.22,high,low,7,dynadot,,,06/10/2026 13:39
09dac265-d37d-4f23-9aca-1b2dc8ee99ae,vehicle.fashion,available,25.2,25.2,high,low,7,cloudflare,,,06/10/2026 13:39
de2191a0-28d9-4071-8b1f-18f3c3d1cf4b,cars.autos,premium,832,832,high,medium,4,namesilo,,,17/09/2026 14:10
4007098f-8496-4d52-af67-0357706f78cc,vehicle.mortgage,available,48.2,48.2,high,low,7,cloudflare,,,06/10/2026 13:39
34129794-f83c-4ee7-b8bc-72e4ef7b6d2c,vehicle.cc,resell,,,high,low,7,Dynadot Inc,29/12/2004 23:24,29/12/2026 23:24,06/10/2026 13:39
7cb344ff-22d9-43a8-8d29-e661f7b22b01,engine.courses,premium,220,220,high,low,6,dynadot,,,05/10/2026 16:15
78f0246b-3d05-4147-bff9-317bee630250,car.capital,resell,,,high,medium,3,Dynadot Inc,30/09/2024 18:42,30/09/2027 18:42,28/09/2026 23:22
d2ca6f7f-4e96-4fda-b568-706c307798ce,vehicle.bet,resell,,,high,low,7,Dynadot Inc,10/07/2023 07:56,10/07/2027 07:56,06/10/2026 13:39
ab9e98d3-4864-4230-8998-7ef9928015ab,engine.christmas,available,34.99,34.99,high,low,6,namesilo,,,05/10/2026 16:15
88994082-60fb-4ea3-bd82-61e9ea58bf43,vehicle.flowers,available,93.35,103.4,high,low,7,spaceship,,,06/10/2026 13:39
f7b6d72f-3d60-4854-ba7a-09bd310cbe86,vehicle.surf,available,1.24,26.08,high,low,7,spaceship,,,06/10/2026 13:39
9d8e9710-8ae5-49c2-8325-c5c443d8ad35,vehicle.promo,premium,1035.2,1035.2,high,low,7,spaceship,,,06/10/2026 13:39
f5bc7d9a-c683-4320-9946-dbbd814f15c5,car.healthcare,premium,108.9,108.9,high,medium,3,dynadot,,,28/09/2026 23:22
7416c554-ffaf-43fc-b04f-d7f44d49b897,engine.vet,available,33.32,33.32,high,low,6,spaceship,,,05/10/2026 16:15
ecbc035e-f2d5-4324-93cd-32a95bd1075e,car.school,resell,,,high,medium,3,"Spaceship, Inc.",22/08/2016 13:46,22/08/2027 13:46,28/09/2026 23:22
c442ea51-8c76-4401-99d5-56a4be8f6484,car.social,premium,520,520,high,medium,3,namecheap,,,28/09/2026 23:22
a2a634f1-a720-45e2-aa03-972855fbbe56,engine.golf,available,6.41,51.95,high,low,6,spaceship,,,05/10/2026 16:15
4a5ca9ec-65a0-418f-af22-83fcd6935964,engine.how,premium,196.9,196.9,high,low,6,dynadot,,,05/10/2026 16:15
f807ac78-f506-45d7-bc0a-ef573a583a88,car.associates,premium,108.9,108.9,high,medium,3,dynadot,,,28/09/2026 23:22
c52f3769-aef0-4de4-9a21-be9313c066b9,engine.center,resell,,,high,low,6,"Chengdu West Dimension Digital Technology Co., Ltd.",30/03/2018 15:05,30/03/2027 15:05,05/10/2026 16:15
50922906-5320-4a3c-a254-361c3bd3495f,vehicle.soccer,available,20.2,20.2,high,low,7,cloudflare,,,06/10/2026 13:39
8039a663-49e0-4298-ae9c-de1d12d082bb,engine.reisen,available,16.76,16.76,high,low,6,spaceship,,,05/10/2026 16:15
7c2074f3-bc9f-48d2-9b5d-28f62754f3db,vehicle.london,premium,110.09,27.67,high,low,7,spaceship,,,06/10/2026 13:39
e9b8d84d-682c-4873-8423-ccbf21c444cc,vehicle.horse,available,26.08,26.08,high,low,7,spaceship,,,06/10/2026 13:39
341925dc-4463-4830-8c1f-98ccab3ac426,car.hosting,premium,1430,1430,high,medium,3,dynadot,,,28/09/2026 23:22
c277b8fc-3c8a-4973-97ff-e69057b32b1a,engine.surgery,available,57.98,68.98,high,low,6,namecheap,,,05/10/2026 16:15
0081e3ad-2179-4465-8d27-8d9ef67433b1,engine.supplies,available,24.99,24.99,high,low,6,namesilo,,,05/10/2026 16:15
10343a99-25f2-4aeb-8860-769c0cb3a258,car.love,premium,4585.49,6550.47,high,medium,3,porkbun,,,28/09/2026 23:22
0a55931a-a574-4e21-9eb1-b78061c49562,engine.sydney,available,58,58,high,low,6,namesilo,,,05/10/2026 16:15
21dc071e-0dfb-4ae6-921f-745eaa50e078,engine.toys,available,17,64.99,high,low,6,unstoppable,,,05/10/2026 16:15
cdfd7525-f739-4ebf-8352-add544fd5be9,car.party,premium,640,77.35,high,medium,3,namesilo,,,28/09/2026 23:22
beaacb0b-b24e-40c7-a89f-00481281021b,vehicle.supplies,available,19.2,19.2,high,low,7,cloudflare,,,06/10/2026 13:39
fdb81ce3-e1da-48bd-b533-3a35c123cf9f,vehicle.pink,available,5.89,20.9,high,low,7,spaceship,,,06/10/2026 13:39
084af4d1-ed91-4c22-832c-0d6bfab0b03a,vehicle.team,resell,,,high,low,7,"Xiamen ChinaSource Internet Service Co., Ltd",08/12/2018 08:27,08/12/2026 08:27,06/10/2026 13:39
6b4fc913-b121-48b9-a49e-97b816bfba44,car.memorial,premium,68.51,68.51,high,medium,3,spaceship,,,28/09/2026 23:22
71d1c937-fc70-4017-b470-e5a0f28089a2,engine.reviews,premium,102.67,102.67,high,low,6,spaceship,,,05/10/2026 16:15
8660a1de-0d35-4863-bab6-136ce2067c70,engine.today,resell,,,high,low,6,"Chengdu West Dimension Digital Technology Co., Ltd.",09/03/2020 01:53,09/03/2027 01:53,05/10/2026 16:15
84db734e-8037-4ce3-a9de-47e2ca2fd4fa,vehicle.viajes,available,35.2,35.2,high,low,7,cloudflare,,,06/10/2026 13:39
ba94b675-086b-42fa-9472-e1725a6a8de2,vehicle.airforce,available,83,83,high,low,7,spaceship,,,06/10/2026 13:39
bea003fb-2c7c-4086-b2db-f9af711506d7,engine.coach,available,60.2,60.2,high,low,6,cloudflare,,,05/10/2026 16:15
b547bafd-781d-4ad2-bee5-0121cd2a580b,engine.attorney,available,49.88,49.88,high,low,6,spaceship,,,05/10/2026 16:15
0fb841fe-a901-4f79-9690-51b284c92833,vehicle.estate,available,15,31.25,high,low,7,unstoppable,,,06/10/2026 13:39
6d7425cb-2765-4196-bc5e-122da9c6ae63,car.cafe,resell,,,high,medium,3,"Spaceship, Inc.",15/07/2015 16:00,15/07/2027 16:00,28/09/2026 23:22
19c8263f-4b97-4cb6-a4d6-18163bb80418,vehicle.country,available,2064.2,2064.2,high,low,7,spaceship,,,06/10/2026 13:39
016ba4bd-a91b-4a22-bde2-ddd5868e201c,car.markets,resell,,,high,medium,3,Porkbun LLC,05/09/2018 18:19,05/09/2027 23:59,28/09/2026 23:22
1e0d7fa5-3ba0-4476-9470-48048ee3804b,engine.construction,available,30.2,30.2,high,low,6,cloudflare,,,05/10/2026 16:15
81914f62-083f-4fad-b693-908d5b621d30,engine.mobile,premium,621.2,621.2,high,low,6,spaceship,,,05/10/2026 16:15
24d2fd9b-cbb6-48a1-b45d-ad2bd2881063,vehicle.name,available,7.27,7.27,high,low,7,dynadot,,,06/10/2026 13:39
9775e36c-7582-4dd6-bad1-f824573a7e9f,vehicle.run,resell,,,high,low,7,"DNSPod, Inc.",16/04/2018 04:06,16/04/2027 04:06,06/10/2026 13:39
b04e07de-6d6f-49a4-b523-40772b3cf213,vehicle.ceo,available,9.19,103.7,high,low,7,spaceship,,,06/10/2026 13:39
a457a30c-349d-48a4-b9c2-49725b5a351b,car.day,premium,648.7,648.7,high,medium,3,namecheap,,,28/09/2026 23:22
b65b8d0d-b11f-48f5-aa5d-274357427a13,vehicle.training,available,7.96,33.32,high,low,7,spaceship,,,06/10/2026 13:39
dfbbb5d8-bbdb-4a0a-b359-1345b7a5768e,engine.movie,available,47.99,349.99,high,low,6,namesilo,,,05/10/2026 16:15
b46f85a8-8f39-4def-940f-1e213c9eeb94,vehicle.luxury,available,26,26,high,low,7,spaceship,,,06/10/2026 13:39
bfadad28-a3c9-493f-98c8-45c4839ab708,vehicle.careers,available,55.2,55.2,high,low,7,cloudflare,,,06/10/2026 13:39
316b3aa8-0d7c-471d-99ae-8a12b6c6b307,engine.vodka,available,26.08,26.08,high,low,6,spaceship,,,05/10/2026 16:15
d777c7aa-7b9c-45f8-baea-98269ed20526,engine.exchange,premium,118.8,118.8,high,low,6,namesilo,,,05/10/2026 16:15
3bca675a-9436-42ab-8bb5-ade16a393184,engine.delivery,available,2.27,49.88,high,low,6,spaceship,,,05/10/2026 16:15
17be0d7d-785f-45c1-ba74-4adb5ff11710,engine.loans,available,20.99,116.99,high,low,6,namesilo,,,05/10/2026 16:15
f43a6878-6af7-4b72-a659-ede4828f40d2,vehicle.enterprises,available,8.48,28.15,high,low,7,spaceship,,,06/10/2026 13:39
b43b3deb-164c-4841-86bc-aee0c57a9bc6,vehicle.today,resell,,,high,low,7,"Xiamen ChinaSource Internet Service Co., Ltd",11/10/2019 12:26,11/10/2027 12:26,06/10/2026 13:39
ab947737-eec5-452d-bf18-e83fbd7392e8,engine.sex,available,51.95,98.53,high,low,6,spaceship,,,05/10/2026 16:15
79886886-c0e2-4ec1-a7e1-672d8ba265fa,engine.faith,premium,550,71.5,high,low,6,dynadot,,,05/10/2026 16:15
2f75ffc3-491e-4f79-88ae-49521065b4d2,vehicle.voting,available,1398,1448,high,low,7,namecheap,,,06/10/2026 13:39
96f0de96-ccd7-4d11-804b-b7a04b7d7cf7,vehicle.exposed,available,17.8,17.8,high,low,7,spaceship,,,06/10/2026 13:39
f157a085-019b-4876-93bf-578d469a60b4,vehicle.immobilien,available,29.2,29.2,high,low,7,cloudflare,,,06/10/2026 13:39
023cd1e7-f3d4-44bc-9e45-b1c6f66829cc,vehicle.xyz,premium,,,high,low,7,,,,06/10/2026 13:39
01ac9753-e656-40b9-ab5d-2efc6820ded0,vehicle.sucks,available,213.15,213.15,high,low,7,dynadot,,,06/10/2026 13:39
233affb6-79c4-4a58-b7d4-c6bca140a946,vehicle.clothing,available,25.2,25.2,high,low,7,cloudflare,,,06/10/2026 13:39
578e336c-080d-49ef-a460-46fea7320e57,vehicle.protection,available,2070,2950,high,low,7,namecheap,,,06/10/2026 13:39
ec09110b-f477-4f06-99bc-50bb3d73d7f0,engine.wine,available,7.45,47.81,high,low,6,spaceship,,,05/10/2026 16:15
c9d37f04-489c-4b58-a386-0340cff2d73d,engine.jewelry,available,64.99,64.99,high,low,6,namesilo,,,05/10/2026 16:15
8bcb44ab-0ca5-440b-8a8f-70bbf4b33cf9,vehicle.live,premium,51.43,102.67,high,low,7,spaceship,,,06/10/2026 13:39
6dab04cc-4ef0-43d4-91df-d5bf1d244530,vehicle.music,premium,723.67,38.5,high,low,7,spaceship,,,06/10/2026 13:39
d2e8f9fc-e8b0-4607-a6b5-6f122542e16e,vehicle.prof,premium,340.72,340.72,high,low,7,spaceship,,,06/10/2026 13:39
c0174163-28ab-4c2f-8d7e-9ca33038f819,vehicle.vote,available,70.2,70.2,high,low,7,cloudflare,,,06/10/2026 13:39
98cf56df-52c3-495b-b782-097ace88b462,vehicle.icu,premium,155.45,310.7,high,low,7,spaceship,,,06/10/2026 13:39
f2751d59-81f0-48cd-80db-ef4cb53cbd73,vehicle.media,resell,,,high,low,7,"Xiamen ChinaSource Internet Service Co., Ltd",25/01/2023 17:00,25/01/2027 17:00,06/10/2026 13:39
e5c3b0d2-eab0-45ac-9d5c-342ef7afc008,engine.you,premium,55.11,55.11,high,low,6,porkbun,,,05/10/2026 16:15
590a1659-e634-4fbf-8b3f-1fddcb81c02f,vehicle.blue,available,13.06,22.69,high,low,7,dynadot,,,06/10/2026 13:39
4497435d-d807-42cd-9303-e6ed806a979f,vehicle.golf,available,6.98,83.98,high,low,7,namecheap,,,06/10/2026 13:39
0258ad79-6eb4-4201-8fb5-11ba6b105015,engine.voto,available,10.55,55.93,high,low,6,spaceship,,,05/10/2026 16:15
2f1d431f-a25a-4830-87b8-67b635668d16,vehicle.care,resell,,,high,low,7,Dynadot Inc,20/06/2024 15:15,20/06/2027 15:15,06/10/2026 13:39
a780f298-a8a3-42ae-ac97-bb92e5f32e6b,vehicle.group,resell,,,high,low,7,"Chengdu West Dimension Digital Technology Co., Ltd.",02/02/2018 19:42,02/02/2027 19:42,06/10/2026 13:39
3c205afe-5745-4ba6-a62f-441306f12054,engine.club,premium,750.5,17.7,high,low,6,unstoppable,,,05/10/2026 16:15
70ca4aac-8121-46b9-8c9d-2438b5c27945,vehicle.republican,available,5.38,26,high,low,7,spaceship,,,06/10/2026 13:39
a0aea0fb-6b5c-47b8-9fe6-c140699faa23,engine.lease,available,43.2,43.2,high,low,6,cloudflare,,,05/10/2026 16:15
ac4378d9-55db-48cd-a11e-98d27287aad1,engine.bz,available,21.98,26.98,high,low,6,namecheap,,,05/10/2026 16:15
202790a6-4353-44ef-abd4-65eafcac6bca,vehicle.dentist,available,50.2,50.2,high,low,7,cloudflare,,,06/10/2026 13:39
4d7cc35b-1514-4515-bbae-3e8d270f725a,vehicle.ing,premium,650.2,845,high,low,7,unstoppable,,,06/10/2026 13:39
b9bbac1e-091a-4ff1-870e-02b15f145ba2,vehicle.press,premium,258.95,517.7,high,low,7,spaceship,,,06/10/2026 13:39
a4b8bb35-925d-42f6-a5e8-98c11786c352,vehicle.creditcard,available,125.2,125.2,high,low,7,cloudflare,,,06/10/2026 13:39
68c7b1a1-e5dd-4115-812e-3e931928cc30,automobile.supply,available,20.2,20.2,high,low,10,cloudflare,,,28/09/2026 23:26
63c46d40-4edb-44e7-b058-febeb4c4acaf,engine.store,premium,2500.2,3450,high,low,6,unstoppable,,,05/10/2026 16:15
421cbf90-d2e6-4f95-be99-3dc8662d9a5c,vehicle.rent,premium,2587.7,2587.7,high,low,7,spaceship,,,06/10/2026 13:39
042c7dc3-72a9-4d8f-987e-80754672465b,engine.maison,available,57.99,57.99,high,low,6,namesilo,,,05/10/2026 16:15
5c1c14a6-620f-4d76-942e-69965c6169b1,engine.dealer,premium,1604.45,2070.2,high,low,6,spaceship,,,05/10/2026 16:15
c9883cbd-0777-4c5f-927f-0293cc7ae48e,engine.llc,resell,,,high,low,6,"Sav.com, LLC - 43",26/08/2025 15:15,26/08/2027 15:15,05/10/2026 16:15
a7d20d43-61fd-4fd8-970c-a2e473b770c7,engine.porn,available,53.72,101.87,high,low,6,dynadot,,,05/10/2026 16:15
7e9dea33-494b-4fb5-82e0-46d00dfff5bf,engine.foundation,available,5.99,22.66,high,low,6,porkbun,,,05/10/2026 16:15
ea7ae7a0-b236-4009-beaa-0778ff5371ce,vehicle.kaufen,available,23.94,23.94,high,low,7,spaceship,,,06/10/2026 13:39
bcc1ba0f-f186-4045-9ee7-fc28c378444c,vehicle.school,available,29.18,29.18,high,low,7,spaceship,,,06/10/2026 13:39
cab12017-6d4c-4c63-8cb7-1ac176f4da8a,automobile.cars,available,1999.99,2199,high,low,10,namesilo,,,28/09/2026 23:26
0ad10fd6-7f86-4d95-94fe-8e5ca2bbadff,engine.rodeo,available,10.58,10.58,high,low,6,spaceship,,,05/10/2026 16:15
ff47f6f5-9f6f-4655-aa7c-df15f45bb56d,engine.ryukyu,available,17.98,22.98,high,low,6,namecheap,,,05/10/2026 16:15
2a024fe6-2205-4a0a-a109-78515f156eaf,vehicle.games,resell,,,high,low,7,"Global Domains International, Inc. DBA DomainCostClub.com",11/03/2026 15:15,11/03/2027 15:15,06/10/2026 13:39
48ec75d8-095d-42c9-96dc-26e6876d1ff4,engine.direct,resell,,,high,low,6,"GoDaddy.com, LLC",18/12/2024 02:06,18/12/2027 02:06,05/10/2026 16:15
5189090f-d091-49a6-9283-b855d5b23d1a,vehicle.archi,available,13.14,83,high,low,7,spaceship,,,06/10/2026 13:39
a28c23e1-cae0-4736-afc4-972d413ce886,vehicle.plus,premium,260,260,high,low,7,namecheap,,,06/10/2026 13:39
f6fc5a5f-fbdc-4b5b-8168-d7adfee9825b,engine.osaka,available,26.68,26.88,high,low,6,porkbun,,,05/10/2026 16:15
46e95fe1-9322-477f-880f-132d579b3bcb,vehicle.toys,available,14.98,82.48,high,low,7,namecheap,,,06/10/2026 13:39
7c4d95c9-dc46-4221-a8e3-83a6671ddea9,vehicle.associates,available,11.59,31.25,high,low,7,spaceship,,,06/10/2026 13:39
216f75b6-4b13-4ef4-baf6-a63ce9140259,engine.cloud,premium,2729.67,5458.82,high,low,6,porkbun,,,05/10/2026 16:15
647ff6dd-d172-4c5a-9ea5-98818953a940,engine.loan,premium,1107,116,high,low,6,namesilo,,,05/10/2026 16:15
58e7af30-56bc-483b-91fa-abde509b6f1a,vehicle.villas,available,46.2,46.2,high,low,7,cloudflare,,,06/10/2026 13:39
55cf523e-dd68-46ef-8d46-60969c3ce6c2,engine.nyc,premium,640,29.5,high,low,6,namesilo,,,05/10/2026 16:15
122b4369-256a-4e8d-b685-932cb0b2b4ce,vehicle.management,resell,,,high,low,7,Dynadot Inc,04/06/2021 08:20,04/06/2027 08:20,06/10/2026 13:39
9756c531-41f4-4f4a-8a83-45bd68dc5057,engine.healthcare,available,93.98,111.98,high,low,6,namecheap,,,05/10/2026 16:15
94f3e843-d741-49a9-b6cb-fc4f7586be25,vehicle.condos,available,46.78,46.78,high,low,7,spaceship,,,06/10/2026 13:39
bac8555b-25fc-4fb4-a1f5-71c90e0bc874,engine.giving,available,11.99,23.22,high,low,6,dynadot,,,05/10/2026 16:15
f0800f6c-6c55-4c19-8441-be31dc706c7a,automobile.lease,premium,854,854,high,low,10,namesilo,,,28/09/2026 23:26
1980fe00-2596-4f6a-a37a-0344b8d32783,vehicle.sale,premium,414.2,414.2,high,low,7,spaceship,,,06/10/2026 13:39
e889bb4c-e6b3-413c-8c02-206e650da94d,engine.makeup,available,1.99,17.29,high,low,6,namesilo,,,05/10/2026 16:15
cab2eb70-7881-4f2c-9d27-f43b7b9f17de,cars.car,available,1999.99,2199,high,medium,4,namesilo,,,17/09/2026 14:10
74f9055d-cbd8-4dc2-ac3d-ba4a4d78df8d,engine.vana,available,2070.2,2070.2,high,low,6,spaceship,,,05/10/2026 16:15
71a0efc9-25c2-460d-863f-f756e2a7ee50,engine.apartments,available,57.99,57.99,high,low,6,namesilo,,,05/10/2026 16:15
03d71d6a-268e-45ff-bb66-48de0372669a,engine.tennis,available,65.99,65.99,high,low,6,namesilo,,,05/10/2026 16:15
eea1a543-a519-4742-9f7c-6e4c63c001e9,vehicle.mx,resell,,,high,low,7,GoDaddy.com,13/10/2013 00:00,13/10/2027 00:00,06/10/2026 13:39
f1045d62-2357-4037-8c0f-41631b6f5fd4,vehicle.institute,available,5.98,37.98,high,low,7,namecheap,,,06/10/2026 13:39
7c89ce0e-9860-46cc-ba22-2b7fb35f69ba,vehicle.rehab,available,29.18,29.18,high,low,7,spaceship,,,06/10/2026 13:39
5ecbbead-1606-46ac-adf8-61661b9dce6c,automobile.land,available,15,,high,low,10,unstoppable,,,28/09/2026 23:26
e2dbf5ae-0300-4740-8a92-c8fd7746bd0b,vehicle.jetzt,available,18.2,18.2,high,low,7,cloudflare,,,06/10/2026 13:39
919d4c0c-df79-40c2-a3c9-1960cd9db5a2,engine.associates,available,11.59,31.25,high,low,6,spaceship,,,05/10/2026 16:15
31567b97-8cc7-417d-b2dd-9e8ae802f0f4,vehicle.dating,available,20,51.95,high,low,7,unstoppable,,,06/10/2026 13:39
c7500b5d-be67-44c8-a8af-884fee1c309f,vehicle.host,premium,275,550,high,low,7,dynadot,,,06/10/2026 13:39
baca9935-bc46-4e14-9630-d390403395c0,vehicle.gay,available,1.75,31.28,high,low,7,spaceship,,,06/10/2026 13:39
6cf979fe-49f9-446f-b15e-2a217e2cccf9,vehicle.best,premium,81.74,81.74,high,low,7,spaceship,,,06/10/2026 13:39
57e8f6c0-9348-422d-844f-e87fffe0e334,engine.house,resell,,,high,low,6,Unstoppable Domains Inc,08/02/2024 15:15,08/02/2027 15:15,05/10/2026 16:15
1ae4e07c-cf93-4b61-915c-30207d82297b,automobile.fm,premium,243.75,,high,low,10,name.com,,,28/09/2026 23:26
16ef13d0-3e1f-4be5-b3b8-b67323febc36,vehicle.vision,available,47.98,59.98,high,low,7,namecheap,,,06/10/2026 13:39
62da2636-a441-4446-b568-7bf5116708fc,vehicle.diy,premium,724.7,1035.2,high,low,7,spaceship,,,06/10/2026 13:39
b905f146-3892-4372-9087-1e5ee77a818e,vehicle.productions,available,5.89,32.29,high,low,7,spaceship,,,06/10/2026 13:39
8d4a42c4-05cb-470a-bfde-6ef8ca2cb08a,automobile.flights,available,20.9,46.78,high,low,10,spaceship,,,28/09/2026 23:26
859009f7-b4cd-4f49-bfe5-575b8cfe8a49,engine.lighting,available,18.83,18.83,high,low,6,spaceship,,,05/10/2026 16:15
3439dd8c-81de-4107-a9b3-cca9a226e9b7,engine.country,available,2064.2,2064.2,high,low,6,spaceship,,,05/10/2026 16:15
a08c4458-1f7b-4d52-928b-1f302068a6e4,engine.cab,available,25.2,25.2,high,low,6,cloudflare,,,05/10/2026 16:15
e285360b-0fbb-44d8-8617-51c3795f187e,engine.cleaning,premium,207.2,207.2,high,low,6,spaceship,,,05/10/2026 16:15
6deb52a3-24d8-406f-9e9f-c54a2e58fe95,vehicle.art,premium,25000.2,72.65,high,low,7,unstoppable,,,06/10/2026 13:39
25062fef-ed0f-4433-aa38-8977c2671360,engine.hospital,available,57.99,57.99,high,low,6,namesilo,,,05/10/2026 16:15
52d9e475-ddb4-49fe-9258-9fa7fbbb4277,vehicle.one,premium,517.7,517.7,high,low,7,spaceship,,,06/10/2026 13:39
442cdf1c-2994-4e79-9a20-530ccacdade5,engine.ooo,premium,638.72,23.59,high,low,6,namesilo,,,05/10/2026 16:15
a5ad0234-527a-41fc-8f17-8ffe7650293e,vehicle.design,premium,250.5,325,high,low,7,unstoppable,,,06/10/2026 13:39
9d9a9894-05f1-4e15-984d-d9fa8ba50bee,automobile.maison,available,57.99,57.99,high,low,10,namesilo,,,28/09/2026 23:26
c7a8966f-f192-4d1e-a06a-60aea5b87408,vehicle.cv,premium,1309.75,9.75,high,low,7,namecheap,,,06/10/2026 13:39
7932ef98-4eab-48bb-a190-8859c959c54b,vehicle.navy,available,85.02,85.02,high,low,7,dynadot,,,06/10/2026 13:39
ff9371eb-0ad0-4223-ae13-9e55077e1750,automobile.international,available,12,,high,low,10,unstoppable,,,28/09/2026 23:26
5eb23624-a1bc-4f0a-bc6e-ae1fd1b78db5,automobile.trading,premium,500,,high,low,10,name.com,,,28/09/2026 23:26
5c386834-3bc5-4715-a01b-cc5e6b5e7dd0,vehicle.rsvp,premium,257.92,257.92,high,low,7,spaceship,,,06/10/2026 13:39
7b6d9a67-6631-42cf-be3b-94972b32660b,engine.soy,premium,81.97,81.97,high,low,6,spaceship,,,05/10/2026 16:15
40357c25-d301-4019-86e7-d352179c92cf,automobile.promo,premium,1107,1107,high,low,10,namesilo,,,28/09/2026 23:26
c3706a94-7a07-4731-93ea-33217d9a3891,engine.ngo,available,15.96,15.96,high,low,6,porkbun,,,05/10/2026 16:15
055a432b-d3db-4e8c-8aee-c531c8a8f786,vehicle.black,premium,66.5,78.54,high,low,7,unstoppable,,,06/10/2026 13:39
d5ae6e72-aec1-414d-88a8-7d5271230337,automobile.soy,premium,98.75,,high,low,10,name.com,,,28/09/2026 23:26
268ed362-5aa7-4676-9117-dfcd7c71370e,engine.cafe,available,5.38,41.6,high,low,6,spaceship,,,05/10/2026 16:15
53a2e560-b948-4091-b3ce-fe476dfb4c95,vehicle.esq,premium,329.2,340.72,high,low,7,unstoppable,,,06/10/2026 13:39
3a899618-66bc-42ad-aca9-374f7cb6bc95,vehicle.rocks,available,17.2,17.2,high,low,7,cloudflare,,,06/10/2026 13:39
005ecc49-6b47-4956-bed6-44af4ce917e7,engine.art,premium,3300,77,high,low,6,dynadot,,,05/10/2026 16:15
fc022e4d-010f-4fcd-9307-056c12de6c1a,vehicle.pizza,available,10.92,60.14,high,low,7,dynadot,,,06/10/2026 13:39
14d51411-8d2c-424e-9b6a-167947f97559,vehicle.tech,premium,13800,13800,high,low,7,namesilo,,,06/10/2026 13:39
a373a10a-9931-47c2-85ea-5ff4bf9b14b6,vehicle.jewelry,available,67.98,69.98,high,low,7,namecheap,,,06/10/2026 13:39
8476e9b4-a0b1-4bbb-a8f7-3cba201cdea3,engine.luxury,available,26.97,26.97,high,low,6,dynadot,,,05/10/2026 16:15
985088c8-5886-47e4-b4e1-fbac9aeeb4cf,engine.ltda,premium,56.64,33.04,high,low,6,namesilo,,,05/10/2026 16:15
ea6cc789-1c1a-4d72-86f2-028cf4a91893,vehicle.sex,available,95.2,95.2,high,low,7,cloudflare,,,06/10/2026 13:39
724c4f52-a2b9-401f-8ee4-7c3cc73aaac4,engine.schule,available,28.99,28.99,high,low,6,namesilo,,,05/10/2026 16:15
6084558c-3297-47d2-a5ea-14d39b128083,automobile.channel,premium,133.72,133.72,high,low,10,spaceship,,,28/09/2026 23:26
b67a936c-057e-4d34-9ac1-acec5100e5a7,automobile.gg,available,51.6,51.6,high,low,10,spaceship,,,28/09/2026 23:26
a595c92c-ae97-413b-8f92-a3961e81936d,engine.software,premium,414.2,414.2,high,low,6,spaceship,,,05/10/2026 16:15
0e146e0b-d771-4f9a-9bad-7cf6a0395565,engine.buzz,premium,110,55,high,low,6,dynadot,,,05/10/2026 16:15
75b15655-4811-486f-b8a8-0c4aee12029e,automobile.art,premium,3450,83.3,high,low,10,namesilo,,,28/09/2026 23:26
eec8b360-5c52-4fed-9574-481ca02ac961,vehicle.dental,available,62.3,62.3,high,low,7,spaceship,,,06/10/2026 13:39
317900e7-4756-4024-914b-2e901a5135b0,engine.protection,available,1999.99,2049.99,high,low,6,namesilo,,,05/10/2026 16:15
28f9cba2-8ea3-4b35-9ebd-7ca764a0012d,engine.shopping,available,8.24,24.83,high,low,6,dynadot,,,05/10/2026 16:15
a3bcb86a-4677-47f8-afd2-8a6573937755,vehicle.loans,premium,800.5,880,high,low,7,unstoppable,,,06/10/2026 13:39
843f03b0-81f2-4ab3-ad89-df306ac0e9a9,engine.tienda,available,47.81,47.81,high,low,6,spaceship,,,05/10/2026 16:15
d8067fd2-6f64-4eca-8f74-0fcb617a8fd8,automobile.review,premium,13800,116,high,low,10,namesilo,,,28/09/2026 23:26
76575fd8-7aa1-4620-a81c-ed56404e069a,automobile.football,available,20.9,20.9,high,low,10,spaceship,,,28/09/2026 23:26
57f88518-4216-4b60-a176-b7abf8abd3fa,vehicle.sbs,premium,155.45,310.7,high,low,7,spaceship,,,06/10/2026 13:39
00c2b6c3-9f33-45cd-9947-b022479352fe,engine.shop,premium,1107,1107,high,low,6,namesilo,,,05/10/2026 16:15
db9ae9f5-f439-4174-9afb-7ce090050e68,vehicle.meme,premium,672.95,672.95,high,low,7,spaceship,,,06/10/2026 13:39
f57ceed1-12c6-4a56-a74b-ca4a7f319a45,vehicle.moi,available,27,25.99,high,low,7,unstoppable,,,06/10/2026 13:39
6e78f7db-1cdc-4f1c-b55c-930da6c97f5e,automobile.loan,resell,,,high,low,10,"NameCheap, Inc.",28/02/2018 19:19,28/02/2027 19:19,28/09/2026 23:26
aebfe3e9-0699-42c9-9b76-cc898ccc8fbd,automobile.auction,premium,414.2,414.2,high,low,10,spaceship,,,28/09/2026 23:26
8982c444-5857-413c-b468-087a202ed7e2,vehicle.church,available,45.2,45.2,high,low,7,cloudflare,,,06/10/2026 13:39
23a0c7d0-7242-4f5c-8b91-f95ab5f8266c,vehicle.dance,available,21.2,21.2,high,low,7,cloudflare,,,06/10/2026 13:39
a3904d8d-e914-472f-9008-70fe441dca40,vehicle.properties,available,18,32.21,high,low,7,unstoppable,,,06/10/2026 13:39
078c5bce-eac7-47bd-8f6b-6f2de1d91699,vehicle.charity,available,6.41,22.39,high,low,7,spaceship,,,06/10/2026 13:39
badccc43-c016-427f-b5ae-537b59aeb7b9,vehicle.show,resell,,,high,low,7,"Chengdu West Dimension Digital Technology Co., Ltd.",13/05/2024 15:15,13/05/2027 15:15,06/10/2026 13:39
a42f7d96-3f07-4b81-b77d-b11915314bc8,automobile.soccer,available,25.99,25.99,high,low,10,namesilo,,,28/09/2026 23:26
c5d58de9-fe37-4e48-b276-87a000c99247,vehicle.vana,available,2070.2,2070.2,high,low,7,spaceship,,,06/10/2026 13:39
1c90d3f9-f750-499a-8f84-15d3937af80e,vehicle.credit,premium,207.2,207.2,high,low,7,spaceship,,,06/10/2026 13:39
bc8b6ff5-d062-4990-9449-304dff9b52b0,vehicle.biz,resell,,,high,low,7,PDR Ltd. d/b/a PublicDomainRegistry.com,27/03/2002 05:53,26/03/2027 23:59,06/10/2026 13:39
67a454cb-d6d1-4eff-a170-05154815a566,engine.games,premium,118.8,118.8,high,low,6,namesilo,,,05/10/2026 16:15
74df6a65-10d7-4bac-8c13-26b1edac2384,vehicle.discount,premium,102.67,102.67,high,low,7,spaceship,,,06/10/2026 13:39
740fa17b-0921-44d9-a840-c005083ee857,engine.irish,available,17.2,17.2,high,low,6,cloudflare,,,05/10/2026 16:15
cc32cb9d-1b88-49b5-a13b-bcc9f8b22826,automobile.enterprises,available,11,,high,low,10,unstoppable,,,28/09/2026 23:26
fa04360c-652d-4f54-92fe-856858d107ac,engine.fan,available,6.64,45.16,high,low,6,dynadot,,,05/10/2026 16:15
085186a2-7381-4554-889b-77599a2b6fe1,vehicle.fm,available,69.98,118.98,high,low,7,namecheap,,,06/10/2026 13:39
e3505e82-cb3c-405f-8beb-787b19a70558,engine.furniture,available,27.99,94.99,high,low,6,namesilo,,,05/10/2026 16:15
6468fada-4d96-41ed-a95e-e624a8a9c767,automobile.locker,premium,1654.52,8.8,high,low,10,namesilo,,,28/09/2026 23:26
53f99a10-2312-43d8-8760-2170c8da4a78,vehicle.news,resell,,,high,low,7,Dynadot Inc,07/09/2023 19:26,07/09/2028 19:26,06/10/2026 13:39
0fdaed9e-736b-4825-95bb-334264e24caa,automobile.plus,resell,,,high,low,10,"Chengdu West Dimension Digital Technology Co., Ltd.",17/01/2023 17:00,17/01/2027 17:00,28/09/2026 23:26
33d46f95-6776-48b2-8d2a-24b05857aa5f,vehicle.cards,available,31.25,31.25,high,low,7,spaceship,,,06/10/2026 13:39
a0fa92b8-8778-4b8b-abc6-bb595fd163b8,engine.foo,premium,249.2,257.92,high,low,6,unstoppable,,,05/10/2026 16:15
2031bfdc-3d91-4bfd-be73-6e1dc1ef2b1f,engine.desi,available,19.98,22.98,high,low,6,namecheap,,,03/10/2026 04:06
ca3d4776-3666-4aad-be7c-102c46e64951,engine.kids,premium,384,21.24,high,low,6,namesilo,,,05/10/2026 16:15
5b85163d-0410-4fc2-9100-c27919ff8f07,vehicle.photo,premium,130,130,high,low,7,namecheap,,,06/10/2026 13:39
1f01f6f2-aef5-49f2-baf1-bdedefcbba7a,automobile.properties,available,14.17,31.25,high,low,10,spaceship,,,28/09/2026 23:26
81ab145a-6790-4a9c-b843-b0a05afe11f3,engine.win,premium,3450,116,high,low,6,namesilo,,,05/10/2026 16:15
bc2e7dab-c31f-4381-a2fd-a803bd109700,engine.mov,premium,257.92,257.92,high,low,6,spaceship,,,05/10/2026 16:15
5d4688ec-e1ec-4b50-8bec-c8d0d8930f73,engine.science,premium,3450,116,high,low,6,namesilo,,,05/10/2026 16:15
7bf822b2-dd6b-4f91-91a6-102915e5f00d,automobile.top,resell,,,high,low,10,厦门市中资源网络服务有限公司,17/11/2014 16:00,17/11/2032 16:00,28/09/2026 23:26
f68a4eb0-d275-493c-8df8-332f1ed018a6,automobile.consulting,premium,140,280,high,low,10,namecheap,,,28/09/2026 23:26
3a6aaf95-d35c-49b8-84e2-e012c486c4e7,vehicle.luxe,premium,414.2,15.73,high,low,7,spaceship,,,06/10/2026 13:39
48a703f1-e693-4c28-afdf-1c8b2742fb6d,vehicle.hosting,available,300.2,300.2,high,low,7,cloudflare,,,06/10/2026 13:39
7b5623cd-4fca-4a5d-ad43-5015108b4a95,vehicle.cam,resell,,,high,low,7,"NameCheap, Inc.",02/09/2020 12:20,02/09/2027 23:59,06/10/2026 13:39
4c6bc0be-8438-4f74-b2f2-1aa6d3c1c18f,vehicle.memorial,available,41.6,41.6,high,low,7,spaceship,,,06/10/2026 13:39
5561b3cd-a207-4415-84b8-b965f2a3c257,engine.camera,available,58.99,58.99,high,low,6,namesilo,,,05/10/2026 16:15
6c4bbf10-9fb4-43d2-b4fb-eb236ed4e549,engine.boats,available,1.99,17.29,high,low,6,namesilo,,,05/10/2026 16:15
1b11af6c-1c20-4c53-8acf-770ea869963f,vehicle.construction,available,30.2,30.2,high,low,7,cloudflare,,,06/10/2026 13:39
18ac7004-08dc-4a7a-8a07-8ae3b4f5a1d0,automobile.lat,available,1.99,32.49,high,low,10,namesilo,,,28/09/2026 23:26
d63a3337-30d6-4572-abf6-1555abf5c3e0,vehicle.international,available,9.48,40.48,high,low,7,namecheap,,,06/10/2026 13:39
1cb0a26a-11aa-4808-aa53-472251a685dd,automobile.tools,resell,,,high,low,10,"Global Domains International, Inc. DBA DomainCostClub.com",17/04/2020 03:39,17/04/2027 03:39,28/09/2026 23:26
bfcbeef5-c27d-4d57-8093-e398443accb9,vehicle.cash,resell,,,high,low,7,"GoDaddy.com, LLC",29/05/2019 19:49,29/05/2027 19:49,06/10/2026 13:39
29894e30-5d5a-4dfb-b09d-379c68b42ab7,automobile.movie,available,47.99,349.99,high,low,10,namesilo,,,28/09/2026 23:26
7c24862f-1d1b-4d64-9289-5e8175612c2c,automobile.hot,premium,100.5,116,high,low,10,unstoppable,,,28/09/2026 23:26
00426249-4be3-42b5-9ebe-6fb13d648020,automobile.rest,premium,409.5,585,high,low,10,namecheap,,,28/09/2026 23:26
735a2799-3e18-43d4-90bd-54d419f726ec,automobile.apartments,available,57.99,57.99,high,low,10,namesilo,,,28/09/2026 23:26
c9d2bf37-0bd4-4781-840c-59c8ddb361b0,automobile.bar,premium,108,108,high,low,10,namesilo,,,28/09/2026 23:26
4314954b-7fd3-4404-a337-769799335ab4,automobile.pub,available,31.2,31.2,high,low,10,cloudflare,,,28/09/2026 23:26
c8df046e-f888-403e-9839-02b3a73d1c76,engine.auto,available,2060.25,2064.19,high,low,6,porkbun,,,05/10/2026 16:15
812c42f1-730d-4d2d-beed-a25b391fc556,engine.broker,available,13.5,29.18,high,low,6,unstoppable,,,05/10/2026 16:15
a97d0a63-f4f4-4c0f-896c-21da7d9886af,vehicle.shop,premium,1035.2,1035.2,high,low,7,spaceship,,,06/10/2026 13:39
0e0bcb5e-53a6-4fac-b1a8-2cc84bb15429,automobile.yoga,available,26.26,26.26,high,low,10,porkbun,,,28/09/2026 23:26
e3c2fd65-0bcf-4fa6-bf50-35d82d96225a,engine.florist,available,32.99,32.99,high,low,6,namesilo,,,05/10/2026 16:15
380de9bf-07a0-4fe4-b5de-2e44c18fb734,vehicle.srl,available,28.04,28.04,high,low,7,dynadot,,,06/10/2026 13:39
6b002082-6457-46e2-9dc5-ed9a1cd755c8,engine.cruises,available,44.71,44.71,high,low,6,spaceship,,,05/10/2026 16:15
1d9986c1-4af7-4a9a-8549-6f1ad59c75bd,automobile.one,premium,640,640,high,low,10,namesilo,,,28/09/2026 23:26
1cef4cb8-4753-4a4d-a59b-83c3552b977c,engine.adult,available,95.2,95.2,high,low,6,cloudflare,,,05/10/2026 16:15
93e9be60-bf09-4deb-bdea-74002a01e27d,automobile.osaka,available,26.97,26.97,high,low,10,dynadot,,,28/09/2026 23:26
391a5336-bfc5-42f4-ad6e-e289aefb7e0e,vehicle.irish,available,7,17.8,high,low,7,unstoppable,,,06/10/2026 13:39
033e663d-f3cd-4ecf-9f5b-0f57359c20db,automobile.shoes,available,31.25,51.95,high,low,10,spaceship,,,28/09/2026 23:26
ac68771d-6c69-43a9-976f-ff1f9627193c,automobile.pizza,available,50.2,50.2,high,low,10,cloudflare,,,28/09/2026 23:26
db8f6d69-2b6f-4ea5-9b4c-4f7f5300e2fd,automobile.cricket,premium,382.61,55.11,high,low,10,porkbun,,,28/09/2026 23:26
a107590e-8042-4fb9-a5f7-bf2a3dbcff60,engine.gratis,available,18.2,18.2,high,low,6,cloudflare,,,05/10/2026 16:15
be3c494a-fcb8-4f47-bdd3-dbf1ac343ef9,vehicle.gratis,available,21.62,21.62,high,low,7,dynadot,,,06/10/2026 13:39
96b985ba-4911-4354-8da0-946cba89a365,automobile.boston,premium,83,18.83,high,low,10,spaceship,,,28/09/2026 23:26
99adc29a-f700-4d24-932f-1a2a6df2101f,vehicle.education,available,28.15,28.15,high,low,7,spaceship,,,06/10/2026 13:39
bdf61d50-1e65-43d1-a23e-9f4a07e6750c,automobile.me,resell,,,high,low,10,"GoDaddy.com, LLC",21/08/2008 20:43,21/08/2027 20:43,28/09/2026 23:26
4a1f9233-ec5b-4105-b2b0-b3f18c221424,engine.qpon,premium,53.92,23.54,high,low,6,namesilo,,,05/10/2026 16:15
9463197e-bc85-413e-90e8-83e5a5b3387e,automobile.llc,premium,500.5,,high,low,10,unstoppable,,,28/09/2026 23:26
d415c3b6-a453-431e-b78d-edf64000669d,automobile.digital,resell,,,high,low,10,"Sav.com, LLC - 33",26/08/2025 15:15,26/08/2027 15:15,28/09/2026 23:26
46525b1f-27d1-4d84-b0bd-b006a8c68da5,vehicle.qpon,premium,2750,21.94,high,low,7,dynadot,,,06/10/2026 13:39
0fffb4cc-1f23-4181-a0ca-5a7fdb72c5b8,engine.sexy,available,2998,3298,high,low,6,namecheap,,,05/10/2026 16:15
c7264a14-e6f4-47b8-b0cc-4d76975f9282,engine.meme,premium,362.45,362.45,high,low,6,spaceship,,,05/10/2026 16:15
df7d47d4-bb30-4a24-ab77-531565980f5f,vehicle.zone,resell,,,high,low,7,"Xiamen ChinaSource Internet Service Co., Ltd",19/09/2018 16:16,19/09/2027 16:16,06/10/2026 13:39
2c68af9e-fac5-466a-bdf8-86960f366cbd,vehicle.work,premium,1000.5,10.55,high,low,7,unstoppable,,,06/10/2026 13:39
58dbd5c6-aa5f-4ef3-b5be-f9eb5d2483b7,automobile.new,available,412.2,412.2,high,low,10,spaceship,,,28/09/2026 23:26
20fe0b22-c529-4909-90bd-2204c2d43aaf,automobile.university,available,48.2,48.2,high,low,10,cloudflare,,,28/09/2026 23:26
eb0fd3e0-1cd2-497d-b199-afb03bf24303,vehicle.photography,available,13.5,29.18,high,low,7,unstoppable,,,06/10/2026 13:39
9597b478-80f6-4a5a-b6e7-e99716a71c2f,automobile.lawyer,premium,2587.7,2587.7,high,low,10,spaceship,,,28/09/2026 23:26
9e6b1de7-eda4-4eec-9795-ea48e8f6621d,vehicle.hot,premium,110,110,high,low,7,dynadot,,,06/10/2026 13:39
1f9e8612-bd3c-4807-980f-86ab4baa86bb,automobile.mobile,premium,1035.2,1035.2,high,low,10,spaceship,,,28/09/2026 23:26
6f343933-53d6-42ca-a315-0276c7a9fa47,vehicle.poker,available,5.38,54.02,high,low,7,spaceship,,,06/10/2026 13:39
4765c8b0-c6c0-4d3b-8392-232309cb80e8,vehicle.mov,premium,516.67,516.67,high,low,7,spaceship,,,06/10/2026 13:39
a783d099-da8c-42a7-b144-daebf888a5fd,vehicle.college,premium,207.2,207.2,high,low,7,spaceship,,,06/10/2026 13:39
ac19c98d-8a03-4915-a673-3192e3e6e1fe,engine.page,premium,638.72,638.72,high,low,6,namesilo,,,05/10/2026 16:15
27f0006c-a1c8-4952-8eeb-23b7d23698cd,engine.racing,premium,116,192,high,low,6,namesilo,,,05/10/2026 16:15
43946d38-c296-4401-898e-b5687b2e5848,automobile.lgbt,premium,500.5,,high,low,10,unstoppable,,,28/09/2026 23:26
4631edc3-09a3-45f6-bca4-3399c52b07ce,engine.accountants,available,93.35,93.35,high,low,6,spaceship,,,05/10/2026 16:15
cac43cd8-b75b-4c4d-a7ef-9e4803ce3d49,vehicle.sydney,available,42.07,42.07,high,low,7,dynadot,,,06/10/2026 13:39
d9e899a3-bd0e-4e04-8bf7-72ae0512a93e,engine.express,resell,,,high,low,6,"Sav.com, LLC",24/02/2025 17:07,24/02/2027 17:07,05/10/2026 16:15
70609ad9-3c58-4655-83a8-3c7c0b28c3c2,engine.gmbh,available,35.2,35.2,high,low,6,cloudflare,,,05/10/2026 16:15
af23f5c2-1fb6-4851-b367-deb30980896d,vehicle.casa,resell,17.98,,high,low,7,Sav.com LLC,29/04/2026 09:28,29/04/2027 09:28,06/10/2026 13:39
8520142a-70de-4e77-84b3-6c3b9a766a43,automobile.recipes,available,60.2,60.2,high,low,10,cloudflare,,,28/09/2026 23:26
10352ac1-8b1a-4be5-863f-816eeb576d47,engine.tv,resell,,,high,low,6,"GoDaddy.com, LLC",19/03/2010 08:40,19/03/2027 08:40,05/10/2026 16:15
cce6b45c-b0fc-4f08-ada4-b079a9209b91,automobile.party,available,5.25,6.25,high,low,10,namesilo,,,28/09/2026 23:26
448aea3f-fe80-45b7-a51d-d09e994c561d,vehicle.clinic,available,10.92,60.14,high,low,7,dynadot,,,06/10/2026 13:39
43b9c980-f52d-4ada-9b52-e025a0132e70,engine.rest,premium,130.61,186.5,high,low,6,spaceship,,,05/10/2026 16:15
69f401e6-6c71-4215-aa00-6d106d4ab0e5,automobile.kim,available,12,,high,low,10,unstoppable,,,28/09/2026 23:26
528fa716-bbb3-414d-b6a9-e6015714b681,automobile.farm,available,4.34,31.25,high,low,10,spaceship,,,28/09/2026 23:26
2a53c6a7-e48b-44ca-a2c0-0b07b3e703dd,automobile.vana,available,2070.2,2070.2,high,low,10,spaceship,,,28/09/2026 23:26
3456761a-0a72-4a48-a915-518d0b19ffe9,vehicle.realty,available,99.8,456.98,high,low,7,namecheap,,,06/10/2026 13:39
36a76f7f-0670-4ad8-8ba9-ea2b7137e3de,vehicle.faith,available,12.98,16.98,high,low,7,namecheap,,,06/10/2026 13:39
6d11c315-9948-4da6-a905-da9dbe1d18ad,vehicle.equipment,available,29.98,32.98,high,low,7,namecheap,,,06/10/2026 13:39
df2979eb-7fd6-40a9-ac25-842cceac2fdb,auto.car,resell,2400,,high,medium,4,"NameCheap, Inc.",25/03/2026 01:16,25/03/2027 23:59,28/09/2026 23:23
16493c4f-6ac9-4a0a-b949-2176e60d5cdd,vehicle.you,premium,65,65,high,low,7,namecheap,,,06/10/2026 13:39
f3fafb19-66c1-400f-a8b1-549b06c55e9a,vehicle.yoga,available,26.08,26.08,high,low,7,spaceship,,,06/10/2026 13:39
8c3d7485-8f97-49bf-91e2-fa6914b345e5,automobile.link,premium,960,960,high,low,10,namesilo,,,28/09/2026 23:26
73d12f21-faa9-4791-96be-228412f569b2,automobile.qpon,premium,53.92,23.54,high,low,10,namesilo,,,28/09/2026 23:26
04814bd7-8b91-43ff-bb60-71c3197a8993,automobile.diy,premium,362.45,517.7,high,low,10,spaceship,,,28/09/2026 23:26
7d1e5880-8674-408a-ae5c-a18dddadb59c,engine.limo,available,42.2,42.2,high,low,6,cloudflare,,,05/10/2026 16:15
04f35e8f-71c1-4beb-95db-b5e9049cebee,vehicle.racing,premium,110,110,high,low,7,dynadot,,,06/10/2026 13:39
f89bf06f-f70f-46c5-bb3f-6a868c6b2b71,engine.chat,resell,,,high,low,6,"Chengdu West Dimension Digital Technology Co., Ltd.",22/12/2023 15:15,22/12/2026 15:15,05/10/2026 16:15
18fcf1e2-07d6-4b35-a15c-b60ac70ef95f,automobile.coffee,available,16,,high,low,10,unstoppable,,,28/09/2026 23:26
22eb2b39-4b92-4210-b1d2-ca50abd705e7,automobile.kiwi,premium,81.9,81.9,high,low,10,namecheap,,,28/09/2026 23:26
2e5003f0-59ca-4430-aa5a-949278f0d8a6,automobile.memorial,available,43.02,43.02,high,low,10,dynadot,,,28/09/2026 23:26
d4c1db94-4cc4-4752-a270-8289cfb72394,automobile.pw,premium,1107,1107,high,low,10,namesilo,,,28/09/2026 23:26
3174aaf8-9940-480b-8a69-fcbbf03cb299,engine.shiksha,available,13.5,51.99,high,low,6,unstoppable,,,05/10/2026 16:15
4579e5f0-5f0a-47ad-960e-117d9d7cb6c2,vehicle.flights,available,20.9,46.78,high,low,7,spaceship,,,06/10/2026 13:39
043f7a06-98f9-424a-9f12-219de042378c,vehicle.wine,available,46.2,46.2,high,low,7,cloudflare,,,06/10/2026 13:39
ddf77fee-0312-4df1-a231-7fe7f5c72d04,engine.navy,available,41.99,41.99,high,low,6,namesilo,,,05/10/2026 16:15
cc7978fb-191a-4ccb-bad5-8c0201f710fc,automobile.cooking,available,26.08,26.08,high,low,10,spaceship,,,28/09/2026 23:26
327a5668-dfb8-4077-a413-a20f88be6d06,automobile.kids,premium,65,23.4,high,low,10,namecheap,,,28/09/2026 23:26
dd302311-c93c-4eb5-8698-c40d08514e01,engine.boutique,available,2.27,26.08,high,low,6,spaceship,,,05/10/2026 16:15
993f9236-525b-4f05-8b1b-5affd620ec31,automobile.gallery,premium,242,242,high,low,10,namesilo,,,28/09/2026 23:26
e9b3a28e-2254-4150-8ae6-4f19d74246d5,engine.lawyer,available,62.99,62.99,high,low,6,namesilo,,,05/10/2026 16:15
2f1557b9-308c-40d3-b3ba-2cee372ce863,vehicle.baby,available,50.2,50.2,high,low,7,cloudflare,,,06/10/2026 13:39
1a3e2c39-f7ee-4c81-aa27-e13b7399c8aa,automobile.villas,available,47.81,47.81,high,low,10,spaceship,,,28/09/2026 23:26
f82c4dec-10b9-4bbb-ad03-863fa30fae78,vehicle.attorney,premium,1365.98,2729.67,high,low,7,porkbun,,,06/10/2026 13:39
6599f74a-044d-45af-a3aa-f60fbf6888d3,vehicle.law,resell,,,high,low,7,"GoDaddy.com, LLC",14/08/2020 08:58,14/08/2027 08:58,06/10/2026 13:39
0fe99fb0-f2da-499c-b0af-1d7b8cb0e1bf,engine.gives,available,5.99,22.66,high,low,6,porkbun,,,05/10/2026 16:15
5192e278-02f6-4d4f-a40b-18081b5364d5,vehicle.shopping,resell,14.99,,high,low,7,Porkbun LLC,27/05/2026 20:42,27/05/2027 20:42,06/10/2026 13:39
30b1e100-39af-4b60-9020-de0a71a8c238,automobile.fans,premium,116,116,high,low,10,namesilo,,,28/09/2026 23:26
1581567c-f530-4952-b523-6bd7d7293439,engine.pizza,available,5.38,51.95,high,low,6,spaceship,,,05/10/2026 16:15
e22898ae-be05-4b40-809a-8455bdcf0e1f,motor.car,available,1999.99,2199,high,low,5,namesilo,,,25/09/2026 21:51
e25c142c-8e84-4b9b-83aa-ae3a12d2af82,cars.tires,premium,260,260,high,medium,4,namecheap,,,17/09/2026 14:10
b35e65fe-2e67-4b87-9fca-0b9fe84560a7,automobile.shiksha,premium,1107,1107,high,low,10,namesilo,,,28/09/2026 23:26
52503b30-1f9e-4aac-af26-e2a997b42e66,vehicle.fun,premium,812.5,3250,high,low,7,namecheap,,,06/10/2026 13:39
04f57e28-268f-4621-97c9-3a5888d5d0a0,engine.download,premium,116,29.5,high,low,6,namesilo,,,05/10/2026 16:15
ebeb3ce7-987c-4d20-86bf-e4187cf6728c,vehicle.green,premium,102.67,102.67,high,low,7,spaceship,,,06/10/2026 13:39
3f9f12c9-71d9-4aae-8ed9-a5ed337f5f7b,automobile.mov,premium,61.27,61.27,high,low,10,spaceship,,,28/09/2026 23:26
0790d2be-f7bd-4315-8965-5742defc1add,vehicle.gripe,available,6.98,8.98,high,low,7,namecheap,,,06/10/2026 13:39
a3359c31-3c59-4cec-8f32-785c1426bda6,vehicle.kiwi,available,31.98,35.68,high,low,7,namecheap,,,06/10/2026 13:39
248bc60b-4520-4d2a-b7d6-73c821173ce4,automobile.car,available,1863.2,2064.2,high,low,10,spaceship,,,28/09/2026 23:26
ed0b3313-c161-4f3a-a0dd-f610123f283d,cars.rent,premium,65000,65000,high,medium,4,namecheap,,,17/09/2026 14:10
2cf834fd-2fe5-401e-a044-2c71672fd7d2,engine.stream,premium,6900,116,high,low,6,namesilo,,,05/10/2026 16:15
e43bfb4f-b985-4cc0-b8f5-f95770818bee,vehicle.plumbing,available,8.24,66.56,high,low,7,dynadot,,,06/10/2026 13:39
2e48bb0d-be9c-4435-9372-6a2cd185c912,automobile.rentals,premium,207.2,207.2,high,low,10,spaceship,,,28/09/2026 23:26
2c307eed-4c46-4d53-84f2-9a9e047895a7,vehicle.haus,available,13.5,27.11,high,low,7,unstoppable,,,06/10/2026 13:39
92d49a8a-08af-4b45-9afd-2cc2704f0c8c,engine.fashion,available,26.08,26.08,high,low,6,spaceship,,,05/10/2026 16:15
b1e8bc23-6b01-404d-80ed-f1a6cfea84dd,automobile.democrat,available,5.98,41.48,high,low,10,namecheap,,,28/09/2026 23:26
fe7f1a3f-5dc0-4058-a3cb-14815da59bd4,engine.university,available,49.88,49.88,high,low,6,spaceship,,,05/10/2026 16:15
b15e4742-bebf-4506-842c-24c6c190c26d,engine.blog,premium,640,2660,high,low,6,namesilo,,,05/10/2026 16:15
f3b139db-ed2c-48ed-88dd-155c7638d53b,automobile.poker,available,10.99,67.99,high,low,10,namesilo,,,28/09/2026 23:26
7860b767-78fe-4a10-85e4-d6d43c409a45,automobile.nyc,premium,1107,29.5,high,low,10,namesilo,,,28/09/2026 23:26
fb9ac72a-f029-4e77-8bf9-892d7ad5f072,vehicle.casino,available,6.41,129.58,high,low,7,spaceship,,,06/10/2026 13:39
a25513bd-c627-488c-b4b1-02793e0d9465,automobile.markets,premium,414.2,414.2,high,low,10,spaceship,,,28/09/2026 23:26
793a5290-c9fc-4c32-8625-54fb9b16936c,automobile.sarl,available,6.98,8.98,high,low,10,namecheap,,,28/09/2026 23:26
efaa017e-d3ce-4c0a-8ae6-373737a2d1fb,vehicle.earth,premium,78,78,high,low,7,namecheap,,,06/10/2026 13:39
0418e903-b118-4a54-9fea-f7f0ffd23ce5,engine.coupons,available,5.5,42.2,high,low,6,unstoppable,,,05/10/2026 16:15
86c936cd-7281-44af-972a-8ed5b6f3f78b,cars.spot,premium,1107,1107,high,medium,4,namesilo,,,17/09/2026 14:10
18474c02-5416-45a9-bd9f-60fd5b7bee0b,automobile.ceo,available,9.19,103.7,high,low,10,spaceship,,,28/09/2026 23:26
d88fa225-dcdf-47e8-9000-79a2754f66c4,vehicle.engineer,premium,1035.2,1035.2,high,low,7,spaceship,,,06/10/2026 13:39
f9db4bf4-b351-4bf0-ad25-7ba5572a37a8,engine.press,premium,258.95,517.7,high,low,6,spaceship,,,05/10/2026 16:15
f10bf332-bdb0-4a83-9649-744855912c7e,engine.channel,premium,648.7,648.7,high,low,6,namecheap,,,05/10/2026 16:15
ffb0ff8d-9d2d-41c2-8aaf-82be0e79b3a2,cars.storage,available,509.99,529.99,high,medium,4,namesilo,,,17/09/2026 14:10
dbd2ee7b-a491-4768-91de-7dfffe68d813,vehicle.bio,resell,9.99,,high,low,7,Dynadot Inc,17/05/2026 06:17,17/05/2027 06:17,06/10/2026 13:39
a1cd39a0-aab7-496b-be70-123084ba69a7,engine.cx,resell,,,high,low,6,CentralNic Ltd,08/02/2024 07:37,08/02/2027 07:37,05/10/2026 16:15
8bd1aa94-d649-4b31-a049-2dfc9be91e95,engine.baby,available,1.99,53.72,high,low,6,dynadot,,,05/10/2026 16:15
89171078-d149-48cd-9de8-30cb922fc704,engine.sale,premium,200.5,207.2,high,low,6,unstoppable,,,05/10/2026 16:15
e0bc06cb-784e-4f9f-b58f-6adb5d87c5f4,vehicle.codes,premium,54.36,108.6,high,low,7,porkbun,,,06/10/2026 13:39
bacded08-165b-4d64-b557-ae8158dd2114,automobile.cyou,premium,59.71,119.23,high,low,10,spaceship,,,28/09/2026 23:26
c2ec4977-1b06-4ec4-8a52-c9eb915b5552,automobile.clothing,available,32.99,32.99,high,low,10,namesilo,,,28/09/2026 23:26
d9bcdf2f-d47f-4155-872d-d3321ba976fd,vehicle.barcelona,available,25.04,25.04,high,low,7,spaceship,,,06/10/2026 13:39
fe5581b2-7a79-40b0-8d0f-55a83ac0e649,cars.melbourne,available,58,58,high,medium,4,namesilo,,,17/09/2026 14:10
169705e5-99d0-48db-9ffc-df52b8bb42a2,automobile.my,premium,490.33,700.47,high,low,10,namecheap,,,28/09/2026 23:26
5e3c9109-bc94-4544-9429-43f07600b71f,cars.hot,premium,1107,1107,high,medium,4,namesilo,,,17/09/2026 14:10
9c5c047b-9e5c-41cb-b66f-e450891adf6d,vehicle.melbourne,available,42.07,42.07,high,low,7,dynadot,,,06/10/2026 13:39
91c5d04e-e2f1-4edd-8e58-330ff5e94e5f,vehicle.spot,premium,130,130,high,low,7,namecheap,,,06/10/2026 13:39
5cc3be67-1b30-4e25-a11c-3f4c2f089149,automobile.tattoo,available,1.75,31.25,high,low,10,spaceship,,,28/09/2026 23:26
c5e9a98b-a7d5-4472-96bf-4ea880fc65b9,vehicle.moda,available,33.32,33.32,high,low,7,spaceship,,,06/10/2026 13:39
98058d0d-798d-4cc6-97c9-d6a3186f6bb6,engine.dating,available,50.2,50.2,high,low,6,cloudflare,,,05/10/2026 16:15
8e1907ee-24ec-4fbf-a87a-4a6908c885a9,cars.ac,resell,,,high,medium,4,"Sav.com, LLC - 33",17/08/2026 15:15,17/08/2027 15:15,26/09/2026 04:47
ef89c225-50f1-4af3-8736-fa0eb1fddd6a,vehicle.fitness,available,2.79,33.32,high,low,7,spaceship,,,06/10/2026 13:39
9e8268e1-a0fe-45ea-b4fa-cc33a1aeb057,vehicle.hockey,available,61,47.81,high,low,7,unstoppable,,,06/10/2026 13:39
24f9c8b7-9bbd-49d3-b020-f9c1be88351a,engine.rehab,available,36.99,36.99,high,low,6,namesilo,,,05/10/2026 16:15
00fa5e91-8c83-4995-96ca-958a8a37a7d7,vehicle.coach,available,10.92,70.84,high,low,7,dynadot,,,06/10/2026 13:39
5cfa18d4-7510-4677-9f48-38f1a985a7fa,engine.life,resell,,,high,low,6,Xin Net Technology Corporation,07/02/2018 08:09,07/02/2027 08:09,05/10/2026 16:15
a3804153-1c86-4246-8b87-6d77af0bba06,cars.forum,premium,1300,1300,high,medium,4,namecheap,,,17/09/2026 14:10
89743bf7-8cb5-4506-8b1f-6b7d2cc6c935,cars.zip,premium,648.7,648.7,high,medium,4,namecheap,,,17/09/2026 14:10
db68fbe1-43dc-4218-a750-02f05096be3b,cars.vana,available,2298,2498,high,medium,4,namecheap,,,17/09/2026 14:10
cba5c766-ccad-45cf-b96d-40fc202053bc,vehicle.world,resell,,,high,low,7,IONOS SE,05/04/2016 21:51,05/04/2027 21:51,06/10/2026 13:39
5eec6049-d065-4f7e-9b32-187984a2ddf0,vehicle.free,premium,130,130,high,low,7,namecheap,,,06/10/2026 13:39
8035c39a-6ba6-4a5f-8bf8-81e28681318c,vehicle.ltda,available,30.18,30.18,high,low,7,dynadot,,,06/10/2026 13:39
62078476-2dd0-4555-8d5f-29e5cb670d56,cars.vodka,premium,96,29.5,high,medium,4,namesilo,,,17/09/2026 14:10
7a95e339-35b1-471a-93da-b70a41764a04,vehicle.academy,available,36.2,36.2,high,low,7,cloudflare,,,06/10/2026 13:39
d8359ea0-5571-47f6-8eae-fb7e603d8c76,automobile.best,premium,581.39,581.39,high,low,10,namesilo,,,28/09/2026 23:26
fef43278-dc98-407c-a484-8981109dfd41,automobile.desi,available,19.98,22.98,high,low,10,namecheap,,,28/09/2026 23:26
a8a981c1-534b-437f-97ba-454914209657,engine.new,available,412.2,412.2,high,low,6,spaceship,,,05/10/2026 16:15
36a990b0-f564-429e-8465-c99225f76f08,automobile.video,premium,51.43,102.67,high,low,10,spaceship,,,28/09/2026 23:26
ee7d9549-2faf-4906-957f-2ea27a83c968,automobile.date,premium,390,65,high,low,10,namecheap,,,28/09/2026 23:26
88f7164c-f51c-4d85-a3ca-e516384cbfd6,vehicle.vodka,available,26.08,26.08,high,low,7,spaceship,,,06/10/2026 13:39
c1f32a28-3e9b-4ba1-b13d-f27c11abcd1c,cars.singles,available,3.98,36.98,high,medium,4,namecheap,,,17/09/2026 14:10
70e0f890-7f94-4d79-8cf9-e18135572526,cars.ceo,premium,510.98,510.98,high,medium,4,namesilo,,,17/09/2026 14:10
34119d21-7a94-4546-8177-6276051fed82,auto.cars,available,1863.2,2064.2,high,medium,4,spaceship,,,28/09/2026 23:23
925c3804-87c9-4ac1-ba8e-2dab13cf64ee,cars.lawyer,premium,512,512,high,medium,4,namesilo,,,17/09/2026 14:10
8b602b25-706f-4da7-80da-86c2fa64312a,cars.futbol,available,7.49,17.99,high,medium,4,namesilo,,,17/09/2026 14:10
763b43fd-7974-41ef-ab97-976f619cfb45,vehicle.tickets,available,401.47,401.47,high,low,7,dynadot,,,06/10/2026 13:39
e0830985-1931-40d6-b58e-7ecfabe6bd75,engine.review,premium,6900,116,high,low,6,namesilo,,,05/10/2026 16:15
107dd7ec-9390-4a2d-bddc-634e4e5b742a,engine.hair,available,1.99,17.29,high,low,6,namesilo,,,05/10/2026 16:15
11c94bce-acbc-4815-abce-fc1ea7874ab9,automobile.fashion,available,32.49,32.49,high,low,10,namesilo,,,28/09/2026 23:26
3cea2420-c7d6-48aa-bcf6-3d9caac3305a,automobile.catering,available,30.2,30.2,high,low,10,cloudflare,,,28/09/2026 23:26
4834d175-d6be-40a2-983d-fe8404aa0bf2,engine.ltd,resell,,,high,low,6,"Xiamen ChinaSource Internet Service Co., Ltd",07/09/2024 15:15,07/09/2028 15:15,05/10/2026 16:15
3d15c4ac-fdfd-496f-8529-46898f069308,cars.webcam,premium,3450,116,high,medium,4,namesilo,,,17/09/2026 14:10
311e3904-e952-452b-84d5-69fd651787c3,engine.pet,available,14.49,27.59,high,low,6,namesilo,,,05/10/2026 16:15
049a7aae-b584-43e4-a1af-37a5cca7e1c0,cars.fashion,premium,47.2,47.2,high,medium,4,namesilo,,,17/09/2026 14:10
53291c64-b070-4fd8-9826-03e1338d133d,engine.democrat,available,5.38,26.08,high,low,6,spaceship,,,05/10/2026 16:15
72e7479f-15aa-4e32-8836-571bb393641b,vehicle.click,resell,,,high,low,7,"NameSilo, LLC",25/11/2014 17:16,25/11/2026 17:16,06/10/2026 13:39
b0bf0c67-de57-4363-8ac6-50d0d62b58ef,automobile.toys,available,17,,high,low,10,unstoppable,,,28/09/2026 23:26
6201a65a-73ef-44f5-954b-c22fec90e167,engine.phd,premium,843.7,843.7,high,low,6,namecheap,,,05/10/2026 16:15
b4a48cf6-b977-4a86-8d9a-6a5ac4815d4d,cars.tennis,available,65.99,65.99,high,medium,4,namesilo,,,17/09/2026 14:10
cbc17bba-f6d4-46ef-9fb8-afe8fa6c7e7a,automobile.institute,available,9.99,27.49,high,low,10,namesilo,,,28/09/2026 23:26
8dcfa9bc-651a-46c9-8f3c-aaa102ef69da,engine.talk,premium,71.4,71.4,high,low,6,namesilo,,,05/10/2026 16:15
44c1d748-b59f-4852-a074-2cc1d5ade174,vehicle.solar,premium,34.36,68.51,high,low,7,spaceship,,,06/10/2026 13:39
5539875f-2432-4979-82d5-e72e19f0b304,vehicle.fishing,available,25.2,25.2,high,low,7,cloudflare,,,06/10/2026 13:39
fa910cdd-e9e9-4703-8fb9-a239479cdf1e,vehicle.living,premium,724.7,1035.2,high,low,7,spaceship,,,06/10/2026 13:39
5a2735f7-997a-4342-b62c-22d1d89dce84,automobile.uno,premium,2587.7,2587.7,high,low,10,spaceship,,,28/09/2026 23:26
9c55f868-1e11-4f6e-9ac5-253a871564a8,vehicle.mobile,premium,330,330,high,low,7,dynadot,,,06/10/2026 13:39
726cd1ca-fab6-4878-9c1e-7c15ecfb22d9,automobile.hair,available,1.8,21.98,high,low,10,namecheap,,,28/09/2026 23:26
e50f7b94-39c6-4a34-a47e-88d609478f12,vehicle.maison,available,45.74,45.74,high,low,7,spaceship,,,06/10/2026 13:39
9a4830ae-a99b-4da2-a8c6-7e1c24fc191f,vehicle.ooo,available,22.21,22.21,high,low,7,dynadot,,,06/10/2026 13:39
b1de8dfa-4f76-4869-8f22-548e231dbd45,automobile.surgery,available,43.67,43.67,high,low,10,spaceship,,,28/09/2026 23:26
50ab4ea8-c83f-4a5e-acc2-aa32949b04c5,cars.bike,resell,,,high,medium,4,Dynadot Inc,29/12/2025 19:25,29/12/2026 19:25,26/09/2026 04:47
40fe604f-541b-4389-9da2-8b0eac1ea8fa,engine.tattoo,available,2.99,34.99,high,low,6,namesilo,,,05/10/2026 16:15
e683c645-b71d-45c1-ab04-ff7702dd0d91,automobile.audio,available,104.99,114.99,high,low,10,namesilo,,,28/09/2026 23:26
26a077d4-4996-401e-8302-319e56379ec4,cars.kids,resell,,,high,medium,4,Porkbun LLC,06/03/2025 08:22,06/03/2027 08:22,26/09/2026 04:47
27f646e7-b728-48ed-b255-aa092cae8600,engine.top,premium,7769.03,4.26,high,low,6,namesilo,,,05/10/2026 16:15
b2acda49-847a-456c-8937-71e7c14aab8e,automobile.engineering,premium,220,220,high,low,10,dynadot,,,28/09/2026 23:26
254854cf-273e-4045-b0d9-2acba8e7b4a7,automobile.investments,available,6.41,103.7,high,low,10,spaceship,,,28/09/2026 23:26
54078ec0-c5f7-4a21-9973-f0903ea494f1,vehicle.date,premium,310.7,51.95,high,low,7,spaceship,,,06/10/2026 13:39
fcef9f1b-c7e8-41a5-9284-e8b6a0c0a5e1,cars.mom,premium,832,832,high,medium,4,namesilo,,,17/09/2026 14:10
6d2c6e73-dca9-45ab-b9bc-48e712dc6f3a,automobile.lifestyle,premium,640,640,high,low,10,namesilo,,,28/09/2026 23:26
ad6a107b-a698-4766-9ad1-c123582a81a2,engine.guitars,available,104.99,114.99,high,low,6,namesilo,,,05/10/2026 16:15
c89b62c9-3612-430a-b456-4fa870ca780e,cars.cooking,premium,104,32.5,high,medium,4,namecheap,,,17/09/2026 14:10
0c19a597-8640-4169-8a9e-08bb87801f3c,cars.ltda,premium,66.3,66.3,high,medium,4,namecheap,,,17/09/2026 14:10
2d75ab71-d3f9-4346-bc83-3ad7eaeeb9b8,vehicle.domains,available,34.36,34.36,high,low,7,spaceship,,,06/10/2026 13:39
770e2bc2-908a-4311-8407-4113c7fdb950,vehicle.moe,available,13.06,13.06,high,low,7,dynadot,,,06/10/2026 13:39
da5ffa9d-9553-4f84-9fc0-0ae01e5f4bde,automobile.vc,resell,,,high,low,10,"Sav.com, LLC",17/08/2020 15:11,17/08/2027 15:11,28/09/2026 23:26
93985e84-17c6-40e8-a97a-54a60d8f43b1,automobile.boats,available,1.99,14.45,high,low,10,dynadot,,,28/09/2026 23:26
348fafd3-446c-4798-a02c-1ee34abee29a,automobile.futbol,available,7.49,17.99,high,low,10,namesilo,,,28/09/2026 23:26
f5914486-4168-4295-ab34-9c2d736a62eb,vehicle.kitchen,available,50.2,50.2,high,low,7,cloudflare,,,06/10/2026 13:39
3ae2b291-408b-4e11-bd10-a46509c70531,vehicle.voyage,available,45.2,45.2,high,low,7,cloudflare,,,06/10/2026 13:39
ce847804-fb3b-4a66-ae51-af6671429774,vehicle.contact,available,11.59,11.59,high,low,7,spaceship,,,06/10/2026 13:39
18086b1b-1dcd-4366-96b7-01df3a6b4d26,wheels.bike,resell,,,high,low,6,"Go Montenegro Domains, LLC",22/07/2015 16:00,22/07/2027 16:00,26/09/2026 10:08
ea7c83f8-d2b9-43c5-b5b3-cba6dc85dc32,vehicle.food,premium,724.7,1035.2,high,low,7,spaceship,,,06/10/2026 13:39
792fae81-e2af-4679-b38f-89042eb60211,automobile.miami,premium,5520,21.24,high,low,10,namesilo,,,28/09/2026 23:26
f375efe2-f906-4c19-85ea-4f8d0c3dfa00,engine.fishing,available,32.49,32.49,high,low,6,namesilo,,,05/10/2026 16:15
7d61940e-493d-4265-a711-763b069b9630,automobile.show,premium,260,260,high,low,10,namecheap,,,28/09/2026 23:26
743739de-a6d6-4386-9706-769ea405018c,vehicle.business,resell,,,high,low,7,Dynadot Inc,30/06/2023 17:00,30/06/2030 17:00,06/10/2026 13:39
2804b44d-7d3c-4dcd-8e84-65f2ccff6535,motor.autos,resell,,,high,low,5,"Sav.com, LLC - 27",03/10/2025 14:21,03/10/2027 23:59,05/10/2026 06:09
33240f62-e4d8-489d-b79e-d27f6aa6840f,cars.video,premium,1107,1107,high,medium,4,namesilo,,,17/09/2026 14:10
2b8404de-6452-43da-b940-5725bfe10c3c,vehicle.christmas,available,1.8,49.98,high,low,7,namecheap,,,06/10/2026 13:39
5de05ac9-4690-4e29-8c38-f27aff7ecf53,automobile.vision,available,5.57,37.55,high,low,10,dynadot,,,28/09/2026 23:26
93c62b7f-d9bf-48c5-af2e-5f45ffb79082,automobile.repair,premium,414.2,414.2,high,low,10,spaceship,,,28/09/2026 23:26
1cf79f3a-59a6-4dee-b119-8194ddfa238c,engine.dog,available,7.49,64.99,high,low,6,namesilo,,,05/10/2026 16:15
d2188e10-1636-4c1c-9417-3ba2216eba81,vehicle.locker,premium,5175.2,31.25,high,low,7,spaceship,,,06/10/2026 13:39
cad16598-352c-4646-9431-d1737f1d54d8,automobile.accountants,available,93.35,93.35,high,low,10,spaceship,,,28/09/2026 23:26
689f5be3-62ca-4625-adf4-9e926f8ff571,auto.cab,resell,,,high,medium,4,"Spaceship, Inc.",20/12/2023 15:16,20/12/2026 15:16,28/09/2026 23:23
a40fe454-cf80-4ea6-a056-aad2feffa070,cars.viajes,available,37.99,37.99,high,medium,4,namesilo,,,17/09/2026 14:10
78c9ad65-423d-46fa-a6ff-e93df3a6cad5,vehicle.foundation,available,7.48,37.98,high,low,7,namecheap,,,06/10/2026 13:39
1e74c2c8-8fee-4030-b321-9141cdb40bb9,engine.army,available,30.2,30.2,high,low,6,cloudflare,,,05/10/2026 16:15
334bd941-33b9-41f6-868f-5946b18a3e77,automobile.bargains,available,17.99,26.49,high,low,10,namesilo,,,28/09/2026 23:26
947cac98-a3f5-4f9d-85fe-e105a4816b32,automobile.actor,available,8.48,35.39,high,low,10,spaceship,,,28/09/2026 23:26
a49e103c-bcbc-4f86-b32b-e66a53a4f07b,engine.website,premium,1107,1107,high,low,6,namesilo,,,05/10/2026 16:15
3d20ba3b-7e89-4f7f-9026-9bbda24ff4d3,cars.clinic,resell,,,high,medium,4,"GoDaddy.com, LLC",27/11/2024 17:11,27/11/2026 17:11,26/09/2026 04:47
31fddb85-3809-451e-80dc-6bd038f5121f,automobile.sexy,available,2749.99,2749.99,high,low,10,namesilo,,,28/09/2026 23:26
31400b68-9a89-4ef7-a760-190107e85451,engine.coffee,available,16.99,42.99,high,low,6,namesilo,,,05/10/2026 16:15
2f38d1ca-bdda-46b1-9a88-16a0e4e41c26,automobile.charity,available,7.48,37.98,high,low,10,namecheap,,,28/09/2026 23:26
76d572ab-b4be-4dcd-94e3-95a0962a221c,automobile.tennis,available,50.2,50.2,high,low,10,cloudflare,,,28/09/2026 23:26
07120027-433b-41ba-84c1-6646d9116721,automobile.moe,available,13.02,13.05,high,low,10,porkbun,,,28/09/2026 23:26
31c94095-2e8c-4f3d-96a4-b1fd24848e80,vehicle.forum,premium,116,116,high,low,7,namesilo,,,06/10/2026 13:39
2a8bc3df-e77d-4e9b-97e4-7da8dc66ad0b,vehicle.skin,available,1.99,14.45,high,low,7,dynadot,,,06/10/2026 13:39
77d36a41-ad2e-4ada-af9e-ee454535a699,cars.berlin,resell,,,high,medium,4,,27/11/2015 15:23,27/11/2027 15:23,26/09/2026 04:47
c2861c1f-04f7-46e6-8263-def604559445,automobile.hospital,available,44.2,44.2,high,low,10,cloudflare,,,28/09/2026 23:26
601c9eee-ec3b-4974-9cbf-e82eb9b65708,automobile.photo,premium,103.7,103.7,high,low,10,spaceship,,,28/09/2026 23:26
81463d9a-bcba-42f9-9532-b8de9fb6a081,engine.eco,premium,7762.7,59.71,high,low,6,spaceship,,,05/10/2026 16:15
6482eeef-a784-4ea6-9b52-c99b7dbfb34e,vehicle.link,premium,776.45,776.45,high,low,7,spaceship,,,06/10/2026 13:39
13070988-e9d9-4e4b-8076-753e125229e9,vehicle.cafe,available,40.2,40.2,high,low,7,cloudflare,,,06/10/2026 13:39
4d417c19-e9e6-45c0-89c3-2b70465d5f19,engine.voting,available,978.6,978.6,high,low,6,dynadot,,,05/10/2026 16:15
02f3c1c0-9079-4c68-a739-a3e9128096e8,automobile.degree,available,40.2,40.2,high,low,10,cloudflare,,,28/09/2026 23:26
07b35109-b1ad-4fed-bc49-57f0b1c42408,vehicle.cool,available,35.2,35.2,high,low,7,cloudflare,,,06/10/2026 13:39
673c29c1-7e80-4df9-a2ae-1ab0ed9e5215,cars.dealer,premium,4278,2660,high,medium,4,namesilo,,,17/09/2026 14:10
bdf99a01-b98b-4e01-820a-1fee78e92ffe,vehicle.army,available,15.73,31.25,high,low,7,spaceship,,,06/10/2026 13:39
dd2ef3af-09b9-43b3-aa7f-7de859963018,engine.immobilien,available,30.22,30.22,high,low,6,spaceship,,,05/10/2026 16:15
1efa08ba-2cef-4482-8fbe-f2015bf7c959,engine.pictures,available,8.24,12.87,high,low,6,porkbun,,,05/10/2026 16:15
19f4e63e-39f4-447c-a182-4672101ad127,automobile.fan,available,43.67,43.67,high,low,10,spaceship,,,28/09/2026 23:26
5ac18710-139c-47dc-8d46-3aa2f59c65a9,cars.gripe,premium,42.9,42.9,high,medium,4,namecheap,,,17/09/2026 14:10
3c99db55-8b37-400e-9757-48b3213b564b,engine.rich,available,94.99,1999,high,low,6,namesilo,,,05/10/2026 16:15
8ee4e673-884b-4585-b4b5-e73085b9c620,automobile.viajes,available,37.99,37.99,high,low,10,namesilo,,,28/09/2026 23:26
2d61b3ed-e85c-4f95-bc43-1eed79fb1eb1,engine.living,available,30.2,30.2,high,low,6,cloudflare,,,05/10/2026 16:15
621fb983-83d9-46ee-bb6d-076923b6cdfd,vehicle.gives,available,6.41,22.39,high,low,7,spaceship,,,06/10/2026 13:39
abdeb971-9296-4572-a9f2-c42b0d1f38be,automobile.dental,available,60.2,60.2,high,low,10,cloudflare,,,28/09/2026 23:26
8e7085a8-39a8-4fea-91c9-4ca752949760,engine.team,resell,,,high,low,6,Alibaba Cloud Computing Ltd. d/b/a HiChina (www.net.cn),11/03/2019 22:50,11/03/2027 22:50,05/10/2026 16:15
f353c64c-3473-47d6-9356-30ab81ac4cd5,automobile.cx,available,19.98,26.98,high,low,10,namecheap,,,28/09/2026 23:26
cf80f2e2-bf45-4711-ba91-099d4fee9e7d,automobile.phd,premium,159.2,,high,low,10,unstoppable,,,28/09/2026 23:26
3c9c036d-1f4a-4348-853f-71cb19d9facf,engine.cars,available,1999.99,2199,high,low,6,namesilo,,,05/10/2026 16:15
26b1e414-60e9-458f-95bd-6b3fcd582072,wheel.car,available,1999.99,2199,high,low,5,namesilo,,,27/09/2026 03:13
503445b6-ac95-40d1-877a-6cae8ad33c74,vehicle.bayern,available,33.89,33.89,high,low,7,dynadot,,,06/10/2026 13:39
969c26c6-cc34-44d7-8fd6-6371ffafd469,engine.diet,available,104.99,114.99,high,low,6,namesilo,,,05/10/2026 16:15
adeb2357-17a0-4cb1-84d8-a72e2d29c759,cars.toys,premium,512,512,high,medium,4,namesilo,,,17/09/2026 14:10
a949698b-2883-4f9f-894c-5cb8ba1ffa49,automobile.rent,premium,625,,high,low,10,name.com,,,28/09/2026 23:26
15ecbfb6-8c5b-4533-9829-59c353ffadda,vehicle.travel,available,16.27,133.97,high,low,7,dynadot,,,06/10/2026 13:39
2c138a6f-b9db-4e2d-acea-59d508089f68,automobile.racing,premium,130,130,high,low,10,namecheap,,,28/09/2026 23:26
fdcb37b6-6870-4c62-8fe9-0aff08bea0a3,engine.gg,resell,,,high,low,6,Enrapture Limited (https://enrapture.gg),,,05/10/2026 16:15
92a235ea-4aa1-496d-9a59-de367c338454,vehicle.loan,premium,10350.2,103.7,high,low,7,spaceship,,,06/10/2026 13:39
95928efe-ebbf-4fe8-bba7-d70a2af4cd6a,automobile.furniture,available,21.59,85.01,high,low,10,dynadot,,,28/09/2026 23:26
4e514594-0e3e-44d9-8918-56ca4c595cfb,engine.photo,premium,103.7,103.7,high,low,6,spaceship,,,05/10/2026 16:15
81060198-b660-4fcc-9326-170ea17fddba,automobile.watch,available,34.2,34.2,high,low,10,cloudflare,,,28/09/2026 23:26
b4893ea4-41c6-424a-aba4-f947feb4ad7c,engine.reise,available,27.89,97.99,high,low,6,namesilo,,,05/10/2026 16:15
7ffc16f8-4e25-423a-84ef-0a32973604ff,auto.navy,available,32.2,32.2,high,medium,4,cloudflare,,,28/09/2026 23:23
1ce67e37-a7a2-4f5e-b305-edd0f4494434,automobile.glass,available,56.2,56.2,high,low,10,cloudflare,,,28/09/2026 23:26
2a4af997-ef36-4e36-bd43-76bf0511bcdb,automobile.training,available,15.99,41.99,high,low,10,namesilo,,,28/09/2026 23:26
f346e0a7-2850-4765-9a78-6824e7fd7d62,automobile.place,available,22.49,22.49,high,low,10,namesilo,,,28/09/2026 23:26
0c05abfd-874b-4ee2-aa34-e487d9788a3b,driver.motorcycles,available,1.99,17.29,high,low,6,namesilo,,,29/09/2026 14:35
5363d4da-6ee4-4d9e-b5ed-d745ef02fd3e,vehicle.video,premium,54.36,108.6,high,low,7,porkbun,,,06/10/2026 13:39
c83cef20-ca58-4ae2-8658-a005a6997768,engine.doctor,available,13.5,116.99,high,low,6,unstoppable,,,05/10/2026 16:15
8bd2c6e8-1548-4fe9-9fe5-913a6c467f98,automobile.ngo,available,16.72,16.72,high,low,10,dynadot,,,28/09/2026 23:26
1f204eb0-216d-4910-b64b-a2da47eab8f8,cars.industries,premium,242,242,high,medium,4,namesilo,,,17/09/2026 14:10
acc31247-95f6-4f8a-9e17-233e6716081a,auto.directory,premium,118.8,118.8,high,medium,4,namesilo,,,28/09/2026 23:23
46f72e8a-ec19-48aa-a397-8cf530bca345,cars.horse,available,32.49,32.49,high,medium,4,namesilo,,,17/09/2026 14:10
3754f5ef-7171-4d01-aa18-315987c5b82c,engine.fyi,resell,,,high,low,6,Porkbun LLC,26/07/2023 13:55,26/07/2027 13:55,05/10/2026 16:15
559afac0-9711-4328-8bb2-a29abf95ff1a,automobile.boutique,premium,66.5,78.54,high,low,10,unstoppable,,,28/09/2026 23:26
cdb4eb77-741b-4e2c-9153-1af8014254b9,automobile.kitchen,available,7.96,51.95,high,low,10,spaceship,,,28/09/2026 23:26
ff5a1917-c005-4ab5-a5b1-65b14d8427a0,automobile.vet,available,33.32,33.32,high,low,10,spaceship,,,28/09/2026 23:26
f9d44a45-afa2-48d0-b09d-9608334c0232,cars.boutique,premium,85.8,85.8,high,medium,4,namecheap,,,17/09/2026 14:10
a4d1edee-7041-4d50-bbbd-097996324633,automobile.blog,premium,640,2660,high,low,10,namesilo,,,28/09/2026 23:26
e7cbb692-b8bb-4241-ac5a-e66539727ee3,engine.estate,available,15.99,38.99,high,low,6,namesilo,,,05/10/2026 16:15
e7c580ea-0438-4a32-885a-3d358762657b,engine.health,resell,,,high,low,6,"Sav.com, LLC - 37",13/07/2026 00:00,13/07/2027 00:00,05/10/2026 16:15
118373c0-eabe-4431-bccd-4d7b5bf04c5a,automobile.army,available,18.99,39.99,high,low,10,namesilo,,,28/09/2026 23:26
31093d53-69b1-4f9b-9f22-31d9e6029152,cars.site,premium,13800,13800,high,medium,4,namesilo,,,17/09/2026 14:10
68008b5f-c0a3-4676-a3f0-e5a1fc95ff8e,engine.photography,available,6.41,29.18,high,low,6,spaceship,,,05/10/2026 16:15
e64799b2-c81c-49c5-8893-5d15082d45e1,engine.garden,premium,512,29.5,high,low,6,namesilo,,,05/10/2026 16:15
519f351b-a50a-415e-941c-034757619b5a,engine.bot,resell,,,high,low,6,"Dynadot, LLC",06/08/2026 20:33,06/08/2027 20:33,05/10/2026 16:15
af0cd1d8-4373-4b3b-a348-eff82f374be3,automobile.guitars,available,93.35,103.4,high,low,10,spaceship,,,28/09/2026 23:26